seeding.strategy,org.silo_strength,rep,strategy,final_rate,peak_rate,plateau,relapse,steps_to_fixed_point,converged,n_adopted,n_not_able,n_not_willing,n_not_ready,n_relapsed,curve,dept_rates,team_rates
broadcast,0.5,0,broadcast,0.0725,0.0725,0.0725,0.0,12,True,29,0,47,324,0,"[0.0, 0.0225, 0.0275, 0.035, 0.0375, 0.04, 0.045, 0.055, 0.06, 0.0625, 0.0675, 0.0725, 0.0725, 0.0725, 0.0725, 0.0725, 0.0725, 0.0725, 0.0725, 0.0725, 0.0725, 0.0725, 0.0725, 0.0725, 0.0725, 0.0725, 0.0725, 0.0725, 0.0725, 0.0725, 0.0725, 0.0725, 0.0725, 0.0725, 0.0725, 0.0725, 0.0725, 0.0725, 0.0725, 0.0725, 0.0725]","{""0"": 0.1933, ""1"": 0.0306, ""2"": 0.0109, ""3"": 0.0222}","[0.0, 0.0, 0.1111, 0.0, 0.0, 0.0, 0.0, 0.0, 0.0, 0.1111, 0.0, 0.0, 0.0, 0.0, 0.0, 0.0, 0.0, 0.0, 0.0, 0.0, 0.0, 0.0, 0.0, 0.0, 0.0, 0.0, 0.2, 0.0, 0.125, 1.0, 0.0, 0.0, 0.0, 1.0, 0.0, 0.2, 0.125, 1.0, 0.0, 0.0, 0.0, 0.0, 0.0909, 0.0, 0.0, 0.0, 0.0, 0.0, 0.0, 0.0]"
broadcast,0.5,1,broadcast,0.0325,0.0325,0.0325,0.0,3,True,13,0,59,328,0,"[0.0, 0.0275, 0.0325, 0.0325, 0.0325, 0.0325, 0.0325, 0.0325, 0.0325, 0.0325, 0.0325, 0.0325, 0.0325, 0.0325, 0.0325, 0.0325, 0.0325, 0.0325, 0.0325, 0.0325, 0.0325, 0.0325, 0.0325, 0.0325, 0.0325, 0.0325, 0.0325, 0.0325, 0.0325, 0.0325, 0.0325, 0.0325, 0.0325, 0.0325, 0.0325, 0.0325, 0.0325, 0.0325, 0.0325, 0.0325, 0.0325]","{""0"": 0.0098, ""1"": 0.01, ""2"": 0.0674, ""3"": 0.0463}","[0.0, 0.0, 0.0, 0.125, 0.0, 0.0, 0.0909, 0.0, 0.0, 0.0, 0.0, 0.0, 0.0909, 0.0, 0.0, 0.4286, 0.0, 0.0, 0.0, 0.0, 0.1667, 0.0, 0.0, 0.0, 0.0, 0.0, 0.0, 0.0, 0.0, 0.1111, 0.0, 0.2857, 0.1818, 0.0, 0.0, 0.0, 0.0, 0.0, 0.0, 0.0, 0.125, 0.0, 0.0, 0.0, 0.0, 0.0, 0.0, 0.0, 0.0, 0.0]"
broadcast,0.6,0,broadcast,0.0125,0.0125,0.0125,0.0,2,True,5,0,65,330,0,"[0.0, 0.0125, 0.0125, 0.0125, 0.0125, 0.0125, 0.0125, 0.0125, 0.0125, 0.0125, 0.0125, 0.0125, 0.0125, 0.0125, 0.0125, 0.0125, 0.0125, 0.0125, 0.0125, 0.0125, 0.0125, 0.0125, 0.0125, 0.0125, 0.0125, 0.0125, 0.0125, 0.0125, 0.0125, 0.0125, 0.0125, 0.0125, 0.0125, 0.0125, 0.0125, 0.0125, 0.0125, 0.0125, 0.0125, 0.0125, 0.0125]","{""0"": 0.0187, ""1"": 0.0306, ""2"": 0.0, ""3"": 0.0}","[0.0, 0.0, 0.0, 0.0, 0.0, 0.0, 0.0, 0.0, 0.0, 0.2, 0.0, 0.0, 0.0, 0.125, 0.0, 0.0, 0.0, 0.0, 0.125, 0.0, 0.0, 0.0, 0.0, 0.0, 0.0, 0.0, 0.0, 0.0, 0.0, 0.0, 0.0833, 0.0, 0.0, 0.0, 0.0, 0.0, 0.0, 0.0, 0.0, 0.0, 0.0, 0.0, 0.125, 0.0, 0.0, 0.0, 0.0, 0.0, 0.0, 0.0]"
broadcast,0.6,1,broadcast,0.02,0.02,0.02,0.0,2,True,8,0,51,341,0,"[0.0, 0.02, 0.02, 0.02, 0.02, 0.02, 0.02, 0.02, 0.02, 0.02, 0.02, 0.02, 0.02, 0.02, 0.02, 0.02, 0.02, 0.02, 0.02, 0.02, 0.02, 0.02, 0.02, 0.02, 0.02, 0.02, 0.02, 0.02, 0.02, 0.02, 0.02, 0.02, 0.02, 0.02, 0.02, 0.02, 0.02, 0.02, 0.02, 0.02, 0.02]","{""0"": 0.0196, ""1"": 0.0105, ""2"": 0.0265, ""3"": 0.0225}","[0.2, 0.0, 0.0, 0.0, 0.1111, 0.0, 0.0, 0.0, 0.0, 0.0, 0.0, 0.0, 0.0, 0.0, 0.0, 0.0, 0.0, 0.0, 0.0, 0.0, 0.0, 0.0, 0.0, 0.0, 0.0, 0.0, 0.0, 0.0, 0.1667, 0.0, 0.125, 0.0, 0.0, 0.0909, 0.0, 0.1538, 0.0, 0.0, 0.0, 0.0, 0.0, 0.0, 0.0, 0.125, 0.0, 0.0, 0.0, 0.0, 0.0, 0.0]"
broadcast,0.7,0,broadcast,0.03,0.03,0.03,-0.0,3,True,12,0,55,333,0,"[0.0, 0.0275, 0.03, 0.03, 0.03, 0.03, 0.03, 0.03, 0.03, 0.03, 0.03, 0.03, 0.03, 0.03, 0.03, 0.03, 0.03, 0.03, 0.03, 0.03, 0.03, 0.03, 0.03, 0.03, 0.03, 0.03, 0.03, 0.03, 0.03, 0.03, 0.03, 0.03, 0.03, 0.03, 0.03, 0.03, 0.03, 0.03, 0.03, 0.03, 0.03]","{""0"": 0.0294, ""1"": 0.0, ""2"": 0.0412, ""3"": 0.0485}","[0.0, 0.0, 0.0, 0.0909, 0.0, 0.0, 0.0, 0.0, 0.0, 0.0, 0.0, 0.0, 0.0, 0.0, 0.0, 0.0, 0.0, 0.0, 0.0, 0.0, 0.0, 0.1429, 0.0, 0.125, 0.0, 0.1429, 0.0, 0.2, 0.1111, 0.0, 0.0, 0.0, 0.0, 0.1429, 0.0, 0.0, 0.1667, 0.0, 0.0, 0.0, 0.0, 0.0, 0.0, 0.0, 0.0, 0.0, 0.0, 0.125, 0.2727, 0.0]"
broadcast,0.7,1,broadcast,0.015,0.015,0.015,-0.0,2,True,6,0,62,332,0,"[0.0, 0.015, 0.015, 0.015, 0.015, 0.015, 0.015, 0.015, 0.015, 0.015, 0.015, 0.015, 0.015, 0.015, 0.015, 0.015, 0.015, 0.015, 0.015, 0.015, 0.015, 0.015, 0.015, 0.015, 0.015, 0.015, 0.015, 0.015, 0.015, 0.015, 0.015, 0.015, 0.015, 0.015, 0.015, 0.015, 0.015, 0.015, 0.015, 0.015, 0.015]","{""0"": 0.0268, ""1"": 0.0, ""2"": 0.0206, ""3"": 0.0105}","[0.0, 0.0667, 0.0, 0.0, 0.0, 0.0, 0.0, 0.1111, 0.0, 0.0, 0.0, 0.0, 0.0, 0.0, 0.0, 0.0, 0.0, 0.0, 0.0, 0.0, 0.0, 0.0, 0.0, 0.0, 0.0, 0.0, 0.0, 0.1667, 0.125, 0.0, 0.0, 0.0, 0.0, 0.0833, 0.0, 0.0, 0.0, 0.0, 0.0, 0.0, 0.0, 0.125, 0.0, 0.0, 0.0, 0.0, 0.0, 0.0, 0.0, 0.0]"
broadcast,0.8,0,broadcast,0.015,0.015,0.015,-0.0,2,True,6,0,59,335,0,"[0.0, 0.015, 0.015, 0.015, 0.015, 0.015, 0.015, 0.015, 0.015, 0.015, 0.015, 0.015, 0.015, 0.015, 0.015, 0.015, 0.015, 0.015, 0.015, 0.015, 0.015, 0.015, 0.015, 0.015, 0.015, 0.015, 0.015, 0.015, 0.015, 0.015, 0.015, 0.015, 0.015, 0.015, 0.015, 0.015, 0.015, 0.015, 0.015, 0.015, 0.015]","{""0"": 0.0095, ""1"": 0.0185, ""2"": 0.0323, ""3"": 0.0}","[0.0, 0.0, 0.0, 0.0, 0.0, 0.0, 0.1, 0.0, 0.0, 0.0, 0.125, 0.0, 0.0, 0.0, 0.0, 0.0, 0.0, 0.0, 0.0, 0.1667, 0.0, 0.0, 0.0, 0.0, 0.0, 0.0, 0.0, 0.0, 0.0, 0.0, 0.0, 0.1429, 0.0, 0.1111, 0.0, 0.0, 0.0, 0.0, 0.0, 0.0, 0.0, 0.0, 0.0, 0.0, 0.0, 0.0, 0.0, 0.1, 0.0, 0.0]"
broadcast,0.8,1,broadcast,0.0375,0.0375,0.0375,0.0,6,True,15,0,76,309,0,"[0.0, 0.0225, 0.0275, 0.0325, 0.035, 0.0375, 0.0375, 0.0375, 0.0375, 0.0375, 0.0375, 0.0375, 0.0375, 0.0375, 0.0375, 0.0375, 0.0375, 0.0375, 0.0375, 0.0375, 0.0375, 0.0375, 0.0375, 0.0375, 0.0375, 0.0375, 0.0375, 0.0375, 0.0375, 0.0375, 0.0375, 0.0375, 0.0375, 0.0375, 0.0375, 0.0375, 0.0375, 0.0375, 0.0375, 0.0375, 0.0375]","{""0"": 0.0278, ""1"": 0.0312, ""2"": 0.0707, ""3"": 0.0208}","[0.0, 0.0, 0.1111, 0.0, 0.0, 0.0, 0.0, 0.0, 0.0, 0.1111, 0.0, 0.0, 0.0, 0.0833, 0.0, 0.0, 0.0, 0.0, 0.0, 0.0, 0.0, 0.0, 0.0, 0.0, 0.0, 0.0, 0.0, 0.0, 0.0, 0.0, 0.1429, 0.0, 0.0, 0.0, 0.0, 0.6, 0.1111, 0.0, 0.2, 0.5714, 0.0, 0.1667, 0.0, 0.0, 0.125, 0.0, 0.0, 0.0, 0.0, 0.0]"
broadcast,0.9,0,broadcast,0.035,0.035,0.035,-0.0,3,True,14,0,66,320,0,"[0.0, 0.0325, 0.035, 0.035, 0.035, 0.035, 0.035, 0.035, 0.035, 0.035, 0.035, 0.035, 0.035, 0.035, 0.035, 0.035, 0.035, 0.035, 0.035, 0.035, 0.035, 0.035, 0.035, 0.035, 0.035, 0.035, 0.035, 0.035, 0.035, 0.035, 0.035, 0.035, 0.035, 0.035, 0.035, 0.035, 0.035, 0.035, 0.035, 0.035, 0.035]","{""0"": 0.03, ""1"": 0.0606, ""2"": 0.01, ""3"": 0.04}","[0.0, 0.0, 0.0, 0.0, 0.0, 0.0, 0.0, 0.2, 0.0, 0.0, 0.0, 0.0, 0.0, 0.0, 0.0, 0.0, 0.4, 0.0, 0.0, 0.0, 0.0, 0.0909, 0.0, 0.0, 0.0, 0.1667, 0.125, 0.0, 0.1111, 0.0, 0.2222, 0.0, 0.0, 0.1667, 0.0, 0.0, 0.0, 0.0, 0.2222, 0.0, 0.0, 0.0, 0.0769, 0.0, 0.1, 0.0, 0.0, 0.0, 0.0, 0.0]"
broadcast,0.9,1,broadcast,0.31,0.31,0.31,0.0,31,True,124,0,58,218,0,"[0.0, 0.0225, 0.025, 0.0275, 0.0325, 0.04, 0.045, 0.05, 0.055, 0.06, 0.065, 0.0725, 0.085, 0.0925, 0.0975, 0.11, 0.1375, 0.1475, 0.16, 0.18, 0.2, 0.2275, 0.2525, 0.2625, 0.27, 0.2775, 0.285, 0.2925, 0.3025, 0.3075, 0.31, 0.31, 0.31, 0.31, 0.31, 0.31, 0.31, 0.31, 0.31, 0.31, 0.31]","{""0"": 0.4074, ""1"": 0.0, ""2"": 0.0204, ""3"": 0.8652}","[0.4, 0.0, 0.0, 0.0, 0.8333, 1.0, 0.0, 0.0, 0.8, 0.7143, 0.0, 0.0, 0.8333, 1.0, 0.0, 0.0, 0.75, 1.0, 0.0, 0.0, 0.8889, 0.9, 0.0, 0.0, 1.0, 0.9167, 0.0, 0.125, 1.0, 0.3333, 0.0, 0.125, 1.0, 0.0, 0.0, 0.0, 1.0, 0.0, 0.0, 0.0, 1.0, 0.0, 0.0, 0.0, 0.8, 0.0, 0.0, 0.0, 0.5455, 0.0]"
broadcast,0.95,0,broadcast,0.0375,0.0375,0.0375,0.0,5,True,15,0,68,317,0,"[0.0, 0.025, 0.03, 0.035, 0.0375, 0.0375, 0.0375, 0.0375, 0.0375, 0.0375, 0.0375, 0.0375, 0.0375, 0.0375, 0.0375, 0.0375, 0.0375, 0.0375, 0.0375, 0.0375, 0.0375, 0.0375, 0.0375, 0.0375, 0.0375, 0.0375, 0.0375, 0.0375, 0.0375, 0.0375, 0.0375, 0.0375, 0.0375, 0.0375, 0.0375, 0.0375, 0.0375, 0.0375, 0.0375, 0.0375, 0.0375]","{""0"": 0.0288, ""1"": 0.0385, ""2"": 0.08, ""3"": 0.0}","[0.0, 0.0, 0.125, 0.0, 0.0, 0.0, 0.0, 0.0, 0.0, 0.0, 0.0, 0.0, 0.0, 0.1429, 0.125, 0.0, 0.0, 0.0, 0.2857, 0.2857, 0.0, 0.1111, 0.0, 0.0, 0.0, 0.0, 0.0, 0.0909, 0.0, 0.0, 0.0, 0.0, 0.0, 0.0, 0.0, 0.0, 0.0, 0.0, 0.0, 0.0, 0.0, 0.0, 0.0, 0.3, 0.0, 0.1111, 0.0, 0.25, 0.0, 0.0]"
broadcast,0.95,1,broadcast,0.1375,0.1375,0.1375,0.0,18,True,55,0,54,291,0,"[0.0, 0.0225, 0.0275, 0.0325, 0.035, 0.0425, 0.055, 0.0625, 0.065, 0.0675, 0.075, 0.0825, 0.0925, 0.105, 0.1225, 0.1325, 0.135, 0.1375, 0.1375, 0.1375, 0.1375, 0.1375, 0.1375, 0.1375, 0.1375, 0.1375, 0.1375, 0.1375, 0.1375, 0.1375, 0.1375, 0.1375, 0.1375, 0.1375, 0.1375, 0.1375, 0.1375, 0.1375, 0.1375, 0.1375, 0.1375]","{""0"": 0.0099, ""1"": 0.4851, ""2"": 0.03, ""3"": 0.0206}","[0.2, 0.0, 1.0, 0.0, 0.1, 0.0, 0.0769, 0.0, 0.0, 0.0, 0.0833, 0.0, 0.0, 0.1, 0.0, 0.0, 0.0, 0.0, 0.0, 0.0, 0.0, 0.0, 0.0, 0.0, 0.0, 0.0, 0.8889, 0.0, 0.0, 0.0, 0.875, 0.3333, 0.0, 0.0, 0.8333, 0.0, 0.0, 0.0, 1.0, 0.0, 0.125, 0.0, 1.0, 0.0, 0.0, 0.0, 0.9, 0.1429, 0.0, 0.0]"
random,0.5,0,random,0.85,0.85,0.85,0.0,27,True,340,0,60,0,0,"[0.05, 0.0675, 0.0825, 0.1025, 0.1125, 0.125, 0.1375, 0.1475, 0.1575, 0.1675, 0.1825, 0.2025, 0.2125, 0.2425, 0.2875, 0.33, 0.36, 0.4, 0.45, 0.5025, 0.56, 0.6175, 0.6625, 0.725, 0.78, 0.84, 0.85, 0.85, 0.85, 0.85, 0.85, 0.85, 0.85, 0.85, 0.85, 0.85, 0.85, 0.85, 0.85, 0.85, 0.85]","{""0"": 0.8381, ""1"": 0.8542, ""2"": 0.8208, ""3"": 0.9022}","[0.8, 0.7273, 1.0, 1.0, 0.8571, 0.6667, 0.7273, 0.9231, 1.0, 1.0, 0.75, 0.8333, 1.0, 0.75, 0.6667, 0.8571, 1.0, 0.875, 0.875, 1.0, 1.0, 1.0, 1.0, 0.8, 0.8, 0.9, 0.8571, 0.7, 0.8182, 0.875, 0.7778, 1.0, 0.875, 0.75, 1.0, 0.75, 0.8889, 1.0, 0.6667, 0.8, 0.8889, 0.75, 0.875, 0.75, 1.0, 0.875, 1.0, 0.5556, 0.9091, 0.75]"
random,0.5,1,random,0.845,0.845,0.845,0.0,30,True,338,0,62,0,0,"[0.05, 0.07, 0.08, 0.1, 0.13, 0.1575, 0.1875, 0.215, 0.2475, 0.2675, 0.2875, 0.31, 0.3175, 0.325, 0.34, 0.37, 0.4125, 0.4325, 0.4575, 0.505, 0.5675, 0.625, 0.6625, 0.7, 0.7425, 0.7825, 0.8075, 0.825, 0.8375, 0.845, 0.845, 0.845, 0.845, 0.845, 0.845, 0.845, 0.845, 0.845, 0.845, 0.845, 0.845]","{""0"": 0.7864, ""1"": 0.8646, ""2"": 0.8864, ""3"": 0.8482}","[0.8, 0.7143, 0.6667, 0.75, 0.7, 1.0, 0.9231, 1.0, 0.875, 0.7143, 0.8571, 0.8571, 0.7273, 0.8182, 1.0, 1.0, 0.7778, 0.6364, 1.0, 0.9, 1.0, 0.6, 0.875, 0.6667, 0.6667, 1.0, 0.8333, 0.8333, 1.0, 0.7778, 1.0, 0.8333, 1.0, 0.5556, 1.0, 1.0, 1.0, 1.0, 1.0, 1.0, 0.875, 0.8571, 0.8333, 0.8889, 0.9091, 0.8182, 0.5556, 0.8333, 0.7857, 0.8571]"
random,0.6,0,random,0.88,0.88,0.88,-0.0,25,True,352,0,48,0,0,"[0.05, 0.0725, 0.0975, 0.125, 0.1625, 0.1975, 0.2375, 0.275, 0.3, 0.3325, 0.365, 0.4125, 0.4575, 0.5025, 0.53, 0.5625, 0.605, 0.6525, 0.6925, 0.7375, 0.7825, 0.8075, 0.8425, 0.8625, 0.88, 0.88, 0.88, 0.88, 0.88, 0.88, 0.88, 0.88, 0.88, 0.88, 0.88, 0.88, 0.88, 0.88, 0.88, 0.88, 0.88]","{""0"": 0.8857, ""1"": 0.8788, ""2"": 0.8649, ""3"": 0.8929}","[1.0, 0.8571, 0.8, 0.7, 1.0, 0.8182, 1.0, 0.7857, 1.0, 1.0, 0.625, 1.0, 0.75, 0.8, 1.0, 0.8571, 0.8, 0.8333, 1.0, 1.0, 0.8571, 1.0, 0.75, 0.8571, 0.6667, 1.0, 1.0, 1.0, 1.0, 1.0, 0.75, 1.0, 0.75, 0.9167, 0.7143, 0.6, 0.8333, 0.7, 0.8571, 0.75, 1.0, 0.8, 0.875, 0.9167, 1.0, 1.0, 1.0, 0.9167, 1.0, 1.0]"
random,0.6,1,random,0.835,0.835,0.835,0.0,23,True,334,0,53,13,0,"[0.05, 0.085, 0.1125, 0.1525, 0.1875, 0.2225, 0.265, 0.3125, 0.36, 0.42, 0.4775, 0.5325, 0.6025, 0.6575, 0.7225, 0.745, 0.765, 0.785, 0.7975, 0.81, 0.82, 0.83, 0.835, 0.835, 0.835, 0.835, 0.835, 0.835, 0.835, 0.835, 0.835, 0.835, 0.835, 0.835, 0.835, 0.835, 0.835, 0.835, 0.835, 0.835, 0.835]","{""0"": 0.7264, ""1"": 0.8333, ""2"": 0.9091, ""3"": 0.875}","[0.8, 0.8889, 1.0, 0.8571, 0.8333, 0.8, 0.8, 1.0, 0.8182, 1.0, 1.0, 0.8182, 0.8571, 1.0, 0.875, 0.8333, 0.8333, 1.0, 0.8571, 1.0, 1.0, 0.8571, 0.9167, 1.0, 0.75, 0.0, 0.75, 0.8, 1.0, 0.0769, 0.7143, 0.875, 0.9091, 1.0, 1.0, 1.0, 0.9091, 0.75, 0.5556, 1.0, 0.7143, 0.8889, 0.8889, 0.7778, 1.0, 0.9167, 0.75, 1.0, 0.9167, 0.8571]"
random,0.7,0,random,0.6875,0.6875,0.5985,0.089,40,False,275,0,51,74,0,"[0.05, 0.0675, 0.09, 0.1225, 0.155, 0.2025, 0.24, 0.2675, 0.29, 0.31, 0.335, 0.3525, 0.375, 0.3775, 0.38, 0.3825, 0.385, 0.3875, 0.395, 0.4075, 0.4175, 0.43, 0.4425, 0.4475, 0.4575, 0.4625, 0.465, 0.47, 0.48, 0.4925, 0.5075, 0.525, 0.535, 0.5575, 0.5675, 0.575, 0.595, 0.6175, 0.65, 0.675, 0.6875]","{""0"": 0.8515, ""1"": 0.1944, ""2"": 0.9375, ""3"": 0.8191}","[0.8, 1.0, 0.0, 0.8333, 0.8, 1.0, 0.0, 0.9167, 1.0, 1.0, 0.0, 1.0, 0.8, 0.7273, 0.0, 1.0, 0.6667, 0.8889, 0.0, 0.875, 0.6667, 1.0, 0.1111, 1.0, 1.0, 1.0, 0.0909, 1.0, 0.8571, 1.0, 0.0, 0.9091, 0.625, 0.7778, 0.1111, 1.0, 1.0, 0.7, 0.7, 1.0, 0.8333, 1.0, 0.8, 0.8, 0.8182, 0.5714, 0.8571, 1.0, 0.8889, 0.7143]"
random,0.7,1,random,0.755,0.755,0.755,0.0,20,True,302,0,47,51,0,"[0.05, 0.0875, 0.12, 0.1725, 0.24, 0.31, 0.38, 0.4425, 0.5125, 0.585, 0.6125, 0.6375, 0.66, 0.675, 0.6975, 0.715, 0.725, 0.74, 0.7525, 0.755, 0.755, 0.755, 0.755, 0.755, 0.755, 0.755, 0.755, 0.755, 0.755, 0.755, 0.755, 0.755, 0.755, 0.755, 0.755, 0.755, 0.755, 0.755, 0.755, 0.755, 0.755]","{""0"": 0.9027, ""1"": 0.8864, ""2"": 0.8922, ""3"": 0.3229}","[0.4, 1.0, 1.0, 1.0, 1.0, 0.8889, 0.8571, 1.0, 0.0667, 1.0, 1.0, 1.0, 0.0, 0.8, 1.0, 0.75, 0.0, 0.8, 0.7143, 0.7778, 0.125, 1.0, 1.0, 0.8333, 0.2222, 0.8333, 0.8, 0.9, 0.0, 1.0, 1.0, 1.0, 0.0, 0.7143, 0.75, 0.9091, 0.875, 0.875, 1.0, 1.0, 0.6667, 0.9, 0.8, 0.8571, 0.8889, 1.0, 0.7143, 0.8, 0.75, 1.0]"
random,0.8,0,random,0.3125,0.3125,0.3125,0.0,12,True,125,0,59,216,0,"[0.05, 0.0775, 0.1025, 0.1425, 0.18, 0.2125, 0.2425, 0.2575, 0.28, 0.2925, 0.305, 0.3125, 0.3125, 0.3125, 0.3125, 0.3125, 0.3125, 0.3125, 0.3125, 0.3125, 0.3125, 0.3125, 0.3125, 0.3125, 0.3125, 0.3125, 0.3125, 0.3125, 0.3125, 0.3125, 0.3125, 0.3125, 0.3125, 0.3125, 0.3125, 0.3125, 0.3125, 0.3125, 0.3125, 0.3125, 0.3125]","{""0"": 0.1735, ""1"": 0.7374, ""2"": 0.283, ""3"": 0.0521}","[0.2, 0.1667, 0.8, 0.0, 0.0, 0.0, 0.9091, 0.0, 0.3333, 0.0, 0.875, 0.0, 0.0, 0.2222, 0.875, 0.0, 0.0, 1.0, 1.0, 0.0, 0.125, 1.0, 0.7778, 0.0, 0.0909, 0.0, 1.0, 0.875, 0.1111, 0.0, 0.9091, 0.6667, 0.0, 0.125, 0.0, 0.75, 0.0, 0.0, 0.0, 0.8571, 0.0, 0.125, 0.8333, 0.0, 0.0, 0.0, 0.8333, 0.0, 0.1, 0.0]"
random,0.8,1,random,0.6325,0.6325,0.6325,-0.0,27,True,253,0,65,82,0,"[0.05, 0.075, 0.105, 0.1375, 0.1575, 0.18, 0.2075, 0.2325, 0.255, 0.28, 0.3075, 0.34, 0.365, 0.3875, 0.4075, 0.425, 0.435, 0.4475, 0.46, 0.4775, 0.49, 0.5025, 0.525, 0.56, 0.6, 0.62, 0.6325, 0.6325, 0.6325, 0.6325, 0.6325, 0.6325, 0.6325, 0.6325, 0.6325, 0.6325, 0.6325, 0.6325, 0.6325, 0.6325, 0.6325]","{""0"": 0.83, ""1"": 0.8692, ""2"": 0.0333, ""3"": 0.7157}","[0.8, 1.0, 0.6364, 0.0, 0.8889, 1.0, 0.9231, 0.2857, 0.9167, 1.0, 0.625, 0.0, 0.9091, 1.0, 1.0, 0.0, 0.875, 0.6, 0.8571, 0.0, 0.8, 0.5, 0.8571, 0.0, 0.8333, 0.7273, 0.8889, 0.0, 0.2222, 0.8, 1.0, 0.1429, 0.0, 0.8333, 0.8333, 0.0, 0.6667, 0.875, 0.7778, 0.0, 1.0, 0.8333, 1.0, 0.0, 0.6667, 0.8571, 1.0, 0.0, 0.8889, 0.875]"
random,0.9,0,random,0.4725,0.4725,0.4725,0.0,27,True,189,0,58,153,0,"[0.05, 0.065, 0.0725, 0.08, 0.085, 0.0925, 0.1075, 0.1175, 0.1325, 0.1425, 0.1525, 0.1775, 0.1975, 0.2175, 0.24, 0.27, 0.285, 0.3025, 0.315, 0.3375, 0.36, 0.3875, 0.41, 0.435, 0.4525, 0.4675, 0.4725, 0.4725, 0.4725, 0.4725, 0.4725, 0.4725, 0.4725, 0.4725, 0.4725, 0.4725, 0.4725, 0.4725, 0.4725, 0.4725, 0.4725]","{""0"": 0.0444, ""1"": 0.8421, ""2"": 0.0693, ""3"": 0.8584}","[0.6, 0.375, 0.6667, 0.0769, 0.6, 0.0, 0.8571, 0.0, 1.0, 0.0, 0.6, 0.0, 0.9, 0.0, 1.0, 0.0, 1.0, 0.0, 0.8571, 0.0, 1.0, 0.0, 0.8182, 0.2222, 0.875, 0.0, 0.8571, 0.0, 1.0, 0.1667, 1.0, 0.0, 0.9091, 0.0, 0.8889, 0.6, 0.6, 0.0, 0.875, 0.0769, 0.75, 0.0, 0.6667, 0.0, 0.75, 0.0, 1.0, 0.0, 0.75, 0.0]"
random,0.9,1,random,0.66,0.66,0.66,0.0,29,True,264,0,57,79,0,"[0.05, 0.0675, 0.0825, 0.105, 0.1425, 0.175, 0.21, 0.2425, 0.2975, 0.3675, 0.4, 0.4225, 0.45, 0.4675, 0.485, 0.505, 0.535, 0.55, 0.5725, 0.5825, 0.5875, 0.5975, 0.605, 0.61, 0.6175, 0.625, 0.63, 0.65, 0.66, 0.66, 0.66, 0.66, 0.66, 0.66, 0.66, 0.66, 0.66, 0.66, 0.66, 0.66, 0.66]","{""0"": 0.8776, ""1"": 0.8692, ""2"": 0.8526, ""3"": 0.0404}","[0.8, 0.6667, 1.0, 0.8182, 0.125, 0.8333, 1.0, 0.8333, 0.0, 1.0, 0.7778, 1.0, 0.1, 0.8333, 0.9, 0.8333, 0.0, 0.8571, 0.8462, 0.6364, 0.0, 0.8571, 0.8889, 0.875, 0.0, 1.0, 0.625, 0.9, 0.0, 0.875, 0.875, 0.9, 0.1, 0.7143, 0.9, 1.0, 0.0, 0.8333, 1.0, 0.8333, 0.0, 0.875, 0.8, 0.8333, 0.0, 1.0, 0.75, 0.8571, 0.0, 1.0]"
random,0.95,0,random,0.475,0.475,0.475,0.0,26,True,190,0,65,145,0,"[0.05, 0.0725, 0.085, 0.0975, 0.11, 0.1225, 0.1425, 0.1675, 0.1925, 0.2125, 0.2475, 0.28, 0.32, 0.36, 0.37, 0.38, 0.3875, 0.4, 0.4075, 0.41, 0.415, 0.4275, 0.4475, 0.455, 0.4675, 0.475, 0.475, 0.475, 0.475, 0.475, 0.475, 0.475, 0.475, 0.475, 0.475, 0.475, 0.475, 0.475, 0.475, 0.475, 0.475]","{""0"": 0.8411, ""1"": 0.1087, ""2"": 0.0693, ""3"": 0.8283}","[0.6, 0.875, 0.125, 0.0, 1.0, 0.8, 0.2, 0.0, 0.8333, 1.0, 0.3, 0.2857, 0.7692, 1.0, 0.2222, 0.0, 1.0, 0.75, 0.0, 0.0, 0.7143, 0.9167, 0.0, 0.6, 0.875, 0.75, 0.0, 0.0, 0.75, 0.75, 0.1429, 0.0, 1.0, 0.7, 0.125, 0.0, 0.8, 0.6667, 0.0, 0.0, 0.625, 0.9286, 0.0, 0.1, 0.875, 0.7143, 0.1667, 0.125, 0.8571, 1.0]"
random,0.95,1,random,0.6425,0.6425,0.6425,0.0,15,True,257,0,49,94,0,"[0.05, 0.0725, 0.095, 0.13, 0.1675, 0.2075, 0.2525, 0.295, 0.34, 0.3875, 0.4425, 0.515, 0.5875, 0.625, 0.6425, 0.6425, 0.6425, 0.6425, 0.6425, 0.6425, 0.6425, 0.6425, 0.6425, 0.6425, 0.6425, 0.6425, 0.6425, 0.6425, 0.6425, 0.6425, 0.6425, 0.6425, 0.6425, 0.6425, 0.6425, 0.6425, 0.6425, 0.6425, 0.6425, 0.6425, 0.6425]","{""0"": 0.9082, ""1"": 0.8864, ""2"": 0.8529, ""3"": 0.027}","[0.6, 0.7778, 1.0, 0.8182, 0.0, 0.9091, 1.0, 0.7, 0.0, 1.0, 0.8182, 0.8333, 0.0, 0.8889, 0.8571, 1.0, 0.0, 1.0, 0.875, 0.9091, 0.0667, 0.8571, 0.8, 0.8182, 0.0, 0.6667, 0.875, 0.6667, 0.1429, 1.0, 1.0, 1.0, 0.0, 1.0, 1.0, 0.8889, 0.0, 0.875, 0.75, 0.8, 0.0, 1.0, 0.8333, 1.0, 0.125, 0.8, 1.0, 0.875, 0.0, 1.0]"
cluster,0.5,0,cluster,0.195,0.195,0.195,0.0,13,True,78,0,59,263,0,"[0.05, 0.0625, 0.065, 0.0725, 0.0825, 0.1025, 0.1275, 0.1525, 0.1575, 0.1725, 0.185, 0.1925, 0.195, 0.195, 0.195, 0.195, 0.195, 0.195, 0.195, 0.195, 0.195, 0.195, 0.195, 0.195, 0.195, 0.195, 0.195, 0.195, 0.195, 0.195, 0.195, 0.195, 0.195, 0.195, 0.195, 0.195, 0.195, 0.195, 0.195, 0.195, 0.195]","{""0"": 0.1101, ""1"": 0.0408, ""2"": 0.62, ""3"": 0.0}","[0.2, 0.0, 0.1, 0.625, 0.0, 0.1667, 0.0, 0.8333, 0.0, 0.0, 0.0, 0.9167, 0.0, 0.0, 0.0, 1.0, 0.0, 0.1111, 0.0, 1.0, 0.0, 0.3333, 0.0, 1.0, 0.0, 1.0, 0.0, 0.8889, 0.0, 0.0, 0.0, 1.0, 0.0, 0.0833, 0.0, 0.1667, 0.0, 0.0, 0.0, 0.0, 0.0, 0.0, 0.1111, 0.0, 0.0, 0.0, 0.4, 0.0, 0.0, 0.0]"
cluster,0.5,1,cluster,0.22,0.22,0.22,-0.0,17,True,88,0,53,259,0,"[0.05, 0.06, 0.0675, 0.0925, 0.1075, 0.125, 0.13, 0.1375, 0.15, 0.16, 0.18, 0.1875, 0.1975, 0.205, 0.215, 0.2175, 0.22, 0.22, 0.22, 0.22, 0.22, 0.22, 0.22, 0.22, 0.22, 0.22, 0.22, 0.22, 0.22, 0.22, 0.22, 0.22, 0.22, 0.22, 0.22, 0.22, 0.22, 0.22, 0.22, 0.22, 0.22]","{""0"": 0.0, ""1"": 0.2105, ""2"": 0.0392, ""3"": 0.5981}","[0.2, 0.0, 0.8, 0.0, 0.0, 0.0, 1.0, 1.0, 0.0, 0.0, 0.0, 0.0909, 0.1, 0.0, 0.0, 0.0, 0.75, 0.0, 0.0, 0.0, 0.8, 0.0, 0.1, 0.0, 1.0, 0.0, 0.0, 0.0, 1.0, 0.0, 0.0, 0.0, 0.7778, 0.0, 0.0, 0.0, 1.0, 0.0, 0.0, 0.0, 1.0, 0.0, 0.0, 0.0, 0.7857, 0.0, 1.0, 0.0, 0.0, 0.0]"
cluster,0.6,0,cluster,0.46,0.46,0.46,-0.0,30,True,184,0,52,164,0,"[0.05, 0.0725, 0.0925, 0.1125, 0.13, 0.1525, 0.1725, 0.1925, 0.2125, 0.23, 0.255, 0.2675, 0.2775, 0.3025, 0.32, 0.335, 0.345, 0.3525, 0.36, 0.3725, 0.375, 0.3825, 0.4025, 0.4225, 0.425, 0.43, 0.435, 0.4425, 0.455, 0.46, 0.46, 0.46, 0.46, 0.46, 0.46, 0.46, 0.46, 0.46, 0.46, 0.46, 0.46]","{""0"": 0.8333, ""1"": 0.91, ""2"": 0.0571, ""3"": 0.0612}","[0.6, 0.6667, 1.0, 0.0909, 0.0, 0.7143, 0.8889, 0.0, 0.0, 0.8, 1.0, 0.3636, 0.0, 0.5556, 1.0, 0.0833, 0.0909, 0.75, 0.9, 0.0, 0.0, 0.8, 0.8182, 0.0, 0.0, 0.875, 0.9167, 0.0, 0.0, 1.0, 0.8, 0.0, 0.0909, 1.0, 1.0, 0.0, 0.2, 1.0, 1.0, 0.0, 0.4286, 0.875, 0.875, 0.0, 0.0, 0.8333, 0.75, 0.0, 0.0, 0.75]"
cluster,0.6,1,cluster,0.2475,0.2475,0.2475,0.0,13,True,99,0,48,253,0,"[0.05, 0.0675, 0.0825, 0.1, 0.115, 0.145, 0.175, 0.185, 0.195, 0.21, 0.2175, 0.2375, 0.2475, 0.2475, 0.2475, 0.2475, 0.2475, 0.2475, 0.2475, 0.2475, 0.2475, 0.2475, 0.2475, 0.2475, 0.2475, 0.2475, 0.2475, 0.2475, 0.2475, 0.2475, 0.2475, 0.2475, 0.2475, 0.2475, 0.2475, 0.2475, 0.2475, 0.2475, 0.2475, 0.2475, 0.2475]","{""0"": 0.901, ""1"": 0.0104, ""2"": 0.0737, ""3"": 0.0}","[0.2, 1.0, 0.0, 0.1667, 0.0, 1.0, 0.0, 0.0, 0.0, 0.2857, 0.0, 0.0, 0.0, 0.8, 0.0, 0.1, 0.0, 1.0, 0.0, 1.0, 0.0, 0.7143, 0.0, 0.0, 0.0, 1.0, 0.0, 0.0, 0.0, 1.0, 0.0, 0.0, 0.0, 0.8182, 0.0, 0.0, 0.0, 1.0, 0.0, 0.0, 0.0, 1.0, 0.0, 0.0, 0.0, 1.0, 0.1429, 0.0, 0.0, 1.0]"
cluster,0.7,0,cluster,0.4025,0.4025,0.4025,0.0,26,True,161,0,65,174,0,"[0.05, 0.07, 0.085, 0.1, 0.115, 0.1325, 0.145, 0.1625, 0.1775, 0.1825, 0.1875, 0.1925, 0.1975, 0.2125, 0.2275, 0.2425, 0.26, 0.27, 0.29, 0.3075, 0.33, 0.34, 0.3625, 0.3775, 0.395, 0.4025, 0.4025, 0.4025, 0.4025, 0.4025, 0.4025, 0.4025, 0.4025, 0.4025, 0.4025, 0.4025, 0.4025, 0.4025, 0.4025, 0.4025, 0.4025]","{""0"": 0.0086, ""1"": 0.8315, ""2"": 0.837, ""3"": 0.0784}","[0.6, 0.0, 0.8889, 0.8, 0.1, 0.0, 0.6667, 1.0, 0.0, 0.0, 0.8571, 1.0, 0.0, 0.0, 0.875, 0.9091, 0.0, 0.0, 0.6667, 0.8889, 0.0, 0.0, 0.7778, 0.8, 0.0, 0.0, 0.7143, 0.4286, 0.0, 0.0, 0.8571, 0.625, 0.0, 0.0, 1.0, 1.0, 0.0, 0.0, 1.0, 0.8, 0.125, 0.1429, 1.0, 0.8571, 1.0, 0.0, 0.5, 0.8333, 0.0, 0.0]"
cluster,0.7,1,cluster,0.335,0.335,0.335,0.0,25,True,134,0,61,205,0,"[0.05, 0.0725, 0.085, 0.105, 0.1275, 0.1425, 0.16, 0.165, 0.1775, 0.19, 0.205, 0.2275, 0.255, 0.2725, 0.28, 0.285, 0.2875, 0.29, 0.295, 0.2975, 0.3025, 0.3125, 0.3275, 0.3325, 0.335, 0.335, 0.335, 0.335, 0.335, 0.335, 0.335, 0.335, 0.335, 0.335, 0.335, 0.335, 0.335, 0.335, 0.335, 0.335, 0.335]","{""0"": 0.82, ""1"": 0.0278, ""2"": 0.0, ""3"": 0.5333}","[0.6, 0.7778, 0.0, 0.0, 0.0, 0.5, 0.0, 0.0, 0.1429, 0.6667, 0.0, 0.0, 0.6667, 0.9, 0.1111, 0.0, 1.0, 0.7143, 0.2222, 0.0, 1.0, 0.6667, 0.0, 0.0, 1.0, 0.6667, 0.0, 0.0, 1.0, 0.8889, 0.0, 0.0, 1.0, 1.0, 0.0, 0.0, 0.6667, 0.7143, 0.0, 0.0, 0.0, 1.0, 0.0, 0.0, 0.0, 0.8889, 0.0, 0.0, 0.0, 1.0]"
cluster,0.8,0,cluster,0.2475,0.2475,0.2475,0.0,14,True,99,0,66,235,0,"[0.05, 0.0725, 0.085, 0.1025, 0.1175, 0.1425, 0.1675, 0.1925, 0.205, 0.2175, 0.2225, 0.2325, 0.245, 0.2475, 0.2475, 0.2475, 0.2475, 0.2475, 0.2475, 0.2475, 0.2475, 0.2475, 0.2475, 0.2475, 0.2475, 0.2475, 0.2475, 0.2475, 0.2475, 0.2475, 0.2475, 0.2475, 0.2475, 0.2475, 0.2475, 0.2475, 0.2475, 0.2475, 0.2475, 0.2475, 0.2475]","{""0"": 0.2804, ""1"": 0.0, ""2"": 0.1319, ""3"": 0.5044}","[0.0, 0.75, 0.0, 0.0, 1.0, 0.0, 0.0, 0.0, 0.8571, 0.0, 0.0, 0.0, 1.0, 0.0, 0.0, 0.0833, 0.6667, 0.1429, 0.0, 0.1667, 0.9, 0.0, 0.0, 1.0, 0.8182, 0.0, 0.0, 1.0, 0.6667, 0.0, 0.0, 0.0, 0.0909, 0.0, 0.0, 0.0, 0.1667, 0.0, 0.0, 0.0, 0.0909, 0.7778, 0.0, 0.0, 0.0, 1.0, 0.0, 0.0, 0.2222, 1.0]"
cluster,0.8,1,cluster,0.4675,0.4675,0.4675,-0.0,17,True,187,0,46,167,0,"[0.05, 0.075, 0.105, 0.13, 0.145, 0.1675, 0.1825, 0.195, 0.2075, 0.235, 0.2825, 0.3275, 0.3725, 0.4175, 0.4425, 0.4625, 0.4675, 0.4675, 0.4675, 0.4675, 0.4675, 0.4675, 0.4675, 0.4675, 0.4675, 0.4675, 0.4675, 0.4675, 0.4675, 0.4675, 0.4675, 0.4675, 0.4675, 0.4675, 0.4675, 0.4675, 0.4675, 0.4675, 0.4675, 0.4675, 0.4675]","{""0"": 0.0101, ""1"": 0.0, ""2"": 0.9057, ""3"": 0.899}","[0.6, 0.0, 0.0, 0.5714, 1.0, 0.0, 0.0, 1.0, 0.75, 0.0, 0.0, 0.9, 1.0, 0.0, 0.0, 0.8333, 1.0, 0.0, 0.0, 0.9, 0.8333, 0.0, 0.0, 1.0, 0.9091, 0.0, 0.0, 0.8182, 1.0, 0.1429, 0.0, 0.9, 0.8462, 0.0, 0.0, 1.0, 0.7778, 0.0, 0.0, 1.0, 1.0, 0.0, 0.0, 1.0, 0.8, 0.0, 0.0, 0.875, 1.0, 0.0]"
cluster,0.9,0,cluster,0.1325,0.1325,0.1325,0.0,6,True,53,0,63,284,0,"[0.05, 0.085, 0.105, 0.1175, 0.13, 0.1325, 0.1325, 0.1325, 0.1325, 0.1325, 0.1325, 0.1325, 0.1325, 0.1325, 0.1325, 0.1325, 0.1325, 0.1325, 0.1325, 0.1325, 0.1325, 0.1325, 0.1325, 0.1325, 0.1325, 0.1325, 0.1325, 0.1325, 0.1325, 0.1325, 0.1325, 0.1325, 0.1325, 0.1325, 0.1325, 0.1325, 0.1325, 0.1325, 0.1325, 0.1325, 0.1325]","{""0"": 0.0, ""1"": 0.1471, ""2"": 0.1474, ""3"": 0.2474}","[0.2, 0.0, 0.0, 0.75, 0.0, 0.0, 0.0, 0.6, 0.0, 0.0, 1.0, 0.0, 0.0, 0.0, 1.0, 0.1667, 0.0, 0.0, 0.7143, 0.0, 0.0, 0.0, 0.1429, 0.0, 0.3333, 0.0, 0.0, 0.0, 0.875, 0.0, 0.0, 0.0, 1.0, 0.0, 0.0, 0.0, 0.4286, 0.0, 0.0, 0.0, 0.1, 0.0, 0.0, 0.0, 0.1429, 0.0, 0.0, 0.0, 0.0, 0.0]"
cluster,0.9,1,cluster,0.245,0.245,0.245,-0.0,11,True,98,0,57,245,0,"[0.05, 0.075, 0.1025, 0.115, 0.1375, 0.16, 0.1875, 0.2025, 0.2225, 0.2425, 0.245, 0.245, 0.245, 0.245, 0.245, 0.245, 0.245, 0.245, 0.245, 0.245, 0.245, 0.245, 0.245, 0.245, 0.245, 0.245, 0.245, 0.245, 0.245, 0.245, 0.245, 0.245, 0.245, 0.245, 0.245, 0.245, 0.245, 0.245, 0.245, 0.245, 0.245]","{""0"": 0.0, ""1"": 0.3636, ""2"": 0.2529, ""3"": 0.3673}","[0.4, 0.0, 1.0, 0.4286, 0.0833, 0.0, 1.0, 0.0, 0.875, 0.0, 1.0, 0.0, 1.0, 0.0, 0.875, 0.0, 1.0, 0.0, 0.0, 0.1111, 0.8889, 0.0, 0.0, 0.0, 0.1429, 0.0, 0.0, 0.0, 0.0, 0.0, 0.0, 0.0, 0.25, 0.0, 0.0, 0.75, 0.0, 0.0, 0.0, 0.8571, 0.0, 0.0, 0.0, 0.8, 0.0, 0.0, 0.9, 1.0, 0.0, 0.0]"
cluster,0.95,0,cluster,0.3625,0.3625,0.3625,0.0,28,True,145,0,55,200,0,"[0.05, 0.07, 0.095, 0.1075, 0.1225, 0.1325, 0.135, 0.14, 0.1575, 0.1625, 0.175, 0.185, 0.195, 0.2075, 0.215, 0.2225, 0.235, 0.2475, 0.2575, 0.2725, 0.2875, 0.3, 0.3175, 0.3325, 0.34, 0.35, 0.36, 0.3625, 0.3625, 0.3625, 0.3625, 0.3625, 0.3625, 0.3625, 0.3625, 0.3625, 0.3625, 0.3625, 0.3625, 0.3625, 0.3625]","{""0"": 0.3084, ""1"": 0.2371, ""2"": 0.0, ""3"": 0.8713}","[0.6, 0.6667, 0.0, 0.0, 1.0, 0.5, 0.0, 0.0, 0.8333, 0.7143, 0.0, 0.0, 0.9, 1.0, 0.0, 0.0, 0.8333, 0.8571, 0.0, 0.0, 1.0, 0.0, 0.5, 0.0, 0.7273, 0.0, 0.7, 0.0, 1.0, 0.0, 0.9091, 0.0, 1.0, 0.0, 0.5, 0.0, 0.8333, 0.0, 0.0, 0.0, 0.8889, 0.0, 0.0, 0.0, 0.625, 0.0, 0.0, 0.0, 0.875, 0.0]"
cluster,0.95,1,cluster,0.4725,0.4725,0.4725,0.0,27,True,189,0,47,164,0,"[0.05, 0.0775, 0.1025, 0.1325, 0.1625, 0.2, 0.2275, 0.25, 0.27, 0.2975, 0.3325, 0.35, 0.3625, 0.37, 0.38, 0.39, 0.3975, 0.4025, 0.4125, 0.4275, 0.4375, 0.4425, 0.4475, 0.455, 0.4625, 0.47, 0.4725, 0.4725, 0.4725, 0.4725, 0.4725, 0.4725, 0.4725, 0.4725, 0.4725, 0.4725, 0.4725, 0.4725, 0.4725, 0.4725, 0.4725]","{""0"": 0.8926, ""1"": 0.0106, ""2"": 0.8587, ""3"": 0.0109}","[0.4, 1.0, 0.0, 0.9, 0.0, 0.9091, 0.1, 0.8889, 0.0, 1.0, 0.0, 0.8, 0.0, 0.875, 0.0, 0.8182, 0.0, 0.9091, 0.0, 1.0, 0.1667, 0.75, 0.0, 1.0, 0.0, 0.6667, 0.0, 0.6667, 0.0, 1.0, 0.0, 0.5, 0.0, 0.875, 0.0, 0.8333, 0.0, 0.9333, 0.0, 0.875, 0.0, 0.7778, 0.0, 1.0, 0.0, 1.0, 0.0, 1.0, 0.0, 1.0]"
