pair_id,rep,strategy,final_rate,peak_rate,cumulative_rate,retention_rate,steps_to_fixed_point,converged,n_adopted,n_not_able,n_not_willing,n_not_ready,n_relapsed,seeded_teams,team_rates
0,0,random,0.090264,0.090264,0.090264,1.0,4,True,89,0,142,755,0,"[0, 1, 2, 3, 5, 6, 7, 9, 11, 12, 14, 16, 18, 24, 28, 29, 30, 34, 37, 38, 39, 40, 41]","[0.0408, 0.0645, 0.1538, 0.1724, 0.0, 0.1154, 0.0769, 0.0185, 0.125, 0.0294, 0.0, 0.2759, 0.2, 0.0, 0.1071, 0.0, 0.1111, 0.0, 0.1667, 0.0, 0.2, 0.0, 0.2, 0.0, 0.25, 0.0, 0.0, 0.0, 0.1667, 0.0769, 0.1364, 0.0, 0.0, 0.3333, 0.1308, 0.25, 0.0, 0.0556, 0.0357, 0.1429, 0.0526, 0.0323]"
0,0,champions,0.842799,0.842799,0.842799,1.0,7,True,831,0,138,17,0,"[1, 2, 5, 6, 7, 13, 14, 15, 18, 19, 28, 29, 30, 31, 32, 34, 37, 39, 41]","[0.8163, 0.8387, 0.9487, 0.8276, 0.6667, 0.8077, 0.8462, 0.9074, 0.875, 0.7941, 1.0, 0.8276, 0.7, 0.9231, 0.7679, 0.88, 0.8889, 0.8333, 0.8333, 0.8889, 0.9, 0.75, 1.0, 0.9167, 0.75, 0.625, 0.5556, 1.0, 0.9167, 0.7692, 0.9545, 0.7333, 0.8462, 1.0, 0.8224, 1.0, 1.0, 0.7222, 0.8214, 0.8776, 0.8421, 0.9355]"
0,0,cluster,0.065923,0.065923,0.065923,1.0,3,True,65,0,142,779,0,"[4, 8, 12, 20, 21]","[0.0, 0.0, 0.0769, 0.0, 1.0, 0.0, 0.022, 0.0, 1.0, 0.0588, 0.0, 0.0, 1.0, 0.0, 0.0179, 0.16, 0.0, 0.3333, 0.0, 0.0, 0.4, 1.0, 0.0, 0.0, 0.0, 0.0, 0.0, 0.0, 0.0, 0.0, 0.0, 0.0, 0.0769, 0.0, 0.0, 0.0, 0.0, 0.0, 0.0, 0.0, 0.0, 0.0323]"
1,1,random,0.093306,0.093306,0.093306,1.0,4,True,92,0,143,751,0,"[0, 1, 3, 5, 6, 7, 8, 9, 10, 12, 14, 15, 16, 19, 22, 23, 25, 29, 31, 34, 38, 39, 41]","[0.1633, 0.1452, 0.0256, 0.1379, 0.0, 0.0385, 0.0549, 0.1481, 0.125, 0.0882, 1.0, 0.0345, 0.1, 0.0, 0.125, 0.16, 0.1852, 0.0, 0.0, 0.2222, 0.0, 0.0, 0.4, 0.1667, 0.0, 0.25, 0.0, 0.0, 0.0, 0.1538, 0.0, 0.0667, 0.0, 0.0, 0.0654, 0.0, 0.0, 0.0, 0.1786, 0.0816, 0.0, 0.129]"
1,1,champions,0.839757,0.839757,0.839757,1.0,10,True,828,0,146,12,0,"[1, 2, 5, 6, 7, 13, 14, 15, 18, 19, 28, 29, 30, 31, 32, 34, 37, 39, 41]","[0.8571, 0.8871, 0.9231, 0.8276, 0.6667, 0.8846, 0.8022, 0.8519, 0.875, 0.8824, 1.0, 0.6897, 1.0, 0.9231, 0.8393, 0.8, 0.9259, 0.8333, 0.6667, 0.7778, 0.9, 0.625, 0.8, 0.8333, 0.25, 0.875, 0.7778, 1.0, 0.8333, 0.8462, 0.9545, 0.6667, 0.7692, 1.0, 0.8224, 1.0, 0.5, 0.7778, 0.9643, 0.7755, 0.8947, 0.871]"
1,1,cluster,0.845842,0.845842,0.845842,1.0,29,True,834,0,142,10,0,"[3, 14, 36]","[0.8571, 0.8871, 0.9231, 1.0, 0.6667, 0.8462, 0.8022, 0.8519, 0.875, 0.8824, 1.0, 0.6897, 1.0, 0.9231, 0.8929, 0.8, 0.9259, 0.8333, 0.6667, 0.6667, 0.9, 0.625, 0.8, 0.8333, 0.25, 0.875, 0.8889, 1.0, 0.75, 0.8462, 0.9091, 0.6667, 0.7692, 1.0, 0.8224, 1.0, 1.0, 0.7778, 0.9643, 0.7755, 0.8947, 0.871]"
2,2,random,0.158215,0.158215,0.158215,1.0,16,True,156,0,128,702,0,"[0, 1, 2, 5, 6, 7, 12, 13, 14, 15, 16, 28, 30, 32, 34, 37, 38, 39]","[0.1633, 0.0968, 0.4359, 0.0, 0.0, 0.1923, 0.8242, 0.0556, 0.0, 0.0, 0.0, 0.0345, 0.2, 0.1538, 0.0179, 0.04, 0.037, 0.0, 0.0, 0.0, 0.0, 0.25, 0.0, 0.0, 0.0, 0.25, 0.0, 1.0, 0.0833, 0.0, 0.1364, 0.0, 0.0769, 0.0, 0.1121, 0.0, 0.0, 0.1111, 0.0714, 0.1633, 0.0, 0.0]"
2,2,champions,0.863083,0.863083,0.863083,1.0,7,True,851,0,126,9,0,"[1, 2, 5, 6, 7, 13, 14, 15, 18, 19, 28, 29, 30, 31, 32, 34, 37, 39, 41]","[0.8571, 0.8548, 0.8462, 0.8621, 0.6667, 0.8462, 0.8571, 0.9259, 0.75, 0.8824, 1.0, 0.931, 0.9, 1.0, 0.9286, 0.88, 0.8519, 0.6667, 0.8333, 1.0, 0.7, 0.875, 1.0, 0.9167, 0.75, 1.0, 1.0, 1.0, 0.8333, 0.7692, 1.0, 0.8, 0.8462, 0.6667, 0.8505, 0.75, 0.5, 0.8889, 0.7143, 0.8163, 0.8947, 0.871]"
2,2,cluster,0.088235,0.088235,0.088235,1.0,5,True,87,0,127,772,0,"[4, 7, 29]","[0.0204, 0.0, 0.0256, 0.0, 1.0, 0.0, 0.022, 0.8889, 0.0, 0.0294, 1.0, 0.0345, 0.0, 0.0, 0.0, 0.0, 0.1111, 0.0, 0.0, 0.0, 0.0, 0.0, 0.6, 0.0, 0.0, 0.25, 0.0, 0.0, 0.0, 1.0, 0.0455, 0.0, 0.0, 0.0, 0.0093, 0.0, 0.5, 0.0, 0.0714, 0.0204, 0.0526, 0.0323]"
3,3,random,0.1643,0.1643,0.1643,1.0,11,True,162,0,148,676,0,"[0, 1, 3, 5, 6, 7, 8, 9, 11, 12, 13, 14, 15, 16, 17, 28, 29, 30, 32, 34, 38, 39]","[0.0408, 0.0484, 0.1538, 0.069, 0.0, 0.1154, 0.8132, 0.0926, 0.125, 0.0588, 0.0, 0.0345, 0.1, 0.1538, 0.1071, 0.04, 0.3333, 0.3333, 0.5, 0.0, 0.0, 0.0, 0.0, 0.0, 0.75, 0.125, 0.0, 0.0, 0.25, 0.1538, 0.1818, 0.0, 0.4615, 0.3333, 0.0374, 0.0, 0.0, 0.0, 0.1429, 0.1837, 0.0, 0.0]"
3,3,champions,0.839757,0.839757,0.839757,1.0,8,True,828,0,148,10,0,"[1, 2, 5, 6, 7, 13, 14, 15, 18, 19, 28, 29, 30, 31, 32, 34, 37, 39, 41]","[0.8571, 0.7903, 0.8974, 0.8276, 1.0, 0.8462, 0.8132, 0.9259, 0.875, 0.9118, 1.0, 0.7931, 0.9, 0.7692, 0.7321, 0.84, 0.8148, 0.8333, 1.0, 0.8889, 0.9, 1.0, 0.8, 0.9167, 1.0, 0.875, 0.6667, 1.0, 0.8333, 0.7692, 1.0, 0.7333, 0.9231, 0.6667, 0.785, 1.0, 1.0, 0.7778, 0.8929, 0.898, 0.7368, 0.871]"
3,3,cluster,0.155172,0.155172,0.155172,1.0,14,True,153,0,146,687,0,"[14, 16]","[0.0408, 0.0484, 0.1538, 0.0, 0.3333, 0.0, 0.011, 0.0556, 0.0417, 0.0882, 0.0, 0.069, 0.0, 0.6154, 0.8036, 0.56, 1.0, 0.3333, 0.6667, 0.0, 0.0, 1.0, 0.2, 0.0, 1.0, 0.0, 0.6667, 0.0, 0.1667, 0.0769, 0.0455, 0.0, 0.0769, 0.0, 0.0093, 0.0, 0.0, 0.0, 0.0357, 0.102, 0.0, 0.0]"
4,4,random,0.19574,0.19574,0.19574,1.0,13,True,193,0,127,666,0,"[0, 1, 2, 3, 5, 6, 8, 9, 14, 15, 17, 20, 26, 30, 33, 34, 36, 37, 38, 39, 40, 41]","[0.3469, 0.1452, 0.1282, 0.1034, 0.0, 0.0769, 0.044, 0.0185, 0.7083, 0.7647, 1.0, 0.0, 0.0, 0.0, 0.8571, 0.52, 0.0741, 0.1667, 0.5, 0.0, 0.1, 0.125, 0.0, 0.0, 0.0, 0.0, 0.7778, 0.0, 0.0, 0.0, 0.0455, 0.0, 0.2308, 0.3333, 0.0748, 0.0, 0.5, 0.0556, 0.1786, 0.1224, 0.1053, 0.129]"
4,4,champions,0.858012,0.858012,0.858012,1.0,6,True,846,0,128,12,0,"[1, 2, 5, 6, 7, 13, 14, 15, 18, 19, 28, 29, 30, 31, 32, 34, 37, 39, 41]","[0.8776, 0.7742, 0.9231, 0.7931, 1.0, 0.9231, 0.8901, 0.7963, 0.7917, 0.8824, 1.0, 0.8966, 0.8, 0.9231, 0.9286, 0.76, 0.8889, 1.0, 1.0, 0.8889, 0.9, 0.625, 0.6, 0.8333, 0.75, 0.875, 0.7778, 1.0, 0.75, 1.0, 0.8636, 0.8667, 1.0, 1.0, 0.8318, 1.0, 0.5, 0.9444, 0.8929, 0.8776, 0.8421, 0.7742]"
4,4,cluster,0.067951,0.067951,0.067951,1.0,4,True,67,0,126,793,0,"[9, 26, 28]","[0.0, 0.0161, 0.0256, 0.0345, 0.0, 0.0, 0.022, 0.0185, 0.0, 1.0, 0.0, 0.0, 0.0, 0.0, 0.0357, 0.04, 0.1481, 0.0, 0.0, 0.0, 0.0, 0.0, 0.0, 0.0, 0.0, 0.0, 1.0, 0.0, 0.5, 0.0, 0.0, 0.0, 0.0769, 0.0, 0.0, 0.0, 0.0, 0.0, 0.0, 0.0, 0.0526, 0.0968]"
5,5,random,0.84787,0.84787,0.84787,1.0,25,True,836,0,132,18,0,"[1, 2, 6, 7, 8, 9, 13, 14, 15, 16, 17, 22, 23, 25, 29, 30, 32, 34, 38, 39, 40, 41]","[0.9184, 0.9032, 0.8974, 0.8621, 1.0, 0.8462, 0.8242, 0.8889, 0.875, 0.8824, 1.0, 0.8276, 0.7, 0.7692, 0.8214, 0.88, 0.963, 1.0, 0.6667, 0.7778, 0.9, 1.0, 0.4, 0.9167, 1.0, 1.0, 0.6667, 1.0, 0.9167, 0.7692, 0.8636, 0.7333, 0.9231, 0.6667, 0.7103, 1.0, 1.0, 1.0, 0.8214, 0.8367, 0.7895, 0.9677]"
5,5,champions,0.85497,0.85497,0.85497,1.0,7,True,843,0,129,14,0,"[1, 2, 5, 6, 7, 13, 14, 15, 18, 19, 28, 29, 30, 31, 32, 34, 37, 39, 41]","[0.9184, 0.9032, 0.8974, 0.8621, 1.0, 0.8462, 0.8132, 0.8704, 0.875, 0.8824, 1.0, 0.8276, 0.7, 0.7692, 0.8571, 0.92, 0.963, 1.0, 1.0, 0.7778, 0.9, 1.0, 0.6, 0.9167, 1.0, 0.875, 0.6667, 1.0, 1.0, 0.8462, 1.0, 0.7333, 0.9231, 0.6667, 0.7196, 1.0, 1.0, 1.0, 0.8214, 0.8163, 0.7895, 0.9355]"
5,5,cluster,0.138945,0.138945,0.138945,1.0,6,True,137,0,129,720,0,"[2, 5]","[0.0204, 0.0323, 1.0, 0.8621, 1.0, 0.9615, 0.0549, 0.0, 0.0833, 0.1471, 0.0, 0.1034, 0.1, 0.0769, 0.0, 0.16, 0.0, 0.0, 0.0, 0.1111, 0.0, 0.0, 0.0, 0.0833, 0.0, 0.25, 0.0, 0.0, 0.0833, 0.0769, 0.0455, 0.0, 0.1538, 0.0, 0.0467, 0.0, 0.0, 0.0556, 0.1429, 0.0204, 0.0, 0.0323]"
6,6,random,0.839757,0.839757,0.839757,1.0,31,True,828,0,147,11,0,"[0, 1, 2, 3, 4, 5, 7, 8, 9, 12, 13, 14, 15, 16, 17, 18, 21, 22, 24, 25, 30, 31, 34, 39, 40, 41]","[0.9184, 0.8871, 0.9231, 0.8621, 1.0, 0.8462, 0.8242, 0.7222, 0.75, 0.9118, 1.0, 0.8966, 0.8, 0.7692, 0.8393, 0.88, 0.8148, 0.8333, 0.8333, 1.0, 1.0, 1.0, 0.8, 0.75, 1.0, 1.0, 0.8889, 1.0, 0.6667, 0.6923, 0.8636, 0.6, 0.9231, 0.6667, 0.7944, 0.75, 0.5, 0.6667, 0.7857, 0.8367, 0.9474, 1.0]"
6,6,champions,0.836714,0.836714,0.836714,1.0,8,True,825,0,150,11,0,"[1, 2, 5, 6, 7, 13, 14, 15, 18, 19, 28, 29, 30, 31, 32, 34, 37, 39, 41]","[0.898, 0.8871, 0.8718, 0.8621, 1.0, 0.8846, 0.8242, 0.7222, 0.7083, 0.9118, 1.0, 0.8966, 0.7, 0.6923, 0.8214, 0.88, 0.8148, 0.8333, 0.8333, 1.0, 1.0, 1.0, 0.8, 0.75, 1.0, 1.0, 0.8889, 1.0, 0.75, 0.6923, 0.9545, 0.6, 0.9231, 0.6667, 0.8131, 0.75, 0.5, 0.6667, 0.7857, 0.8367, 0.8947, 0.9677]"
6,6,cluster,0.837728,0.837728,0.837728,1.0,12,True,826,0,149,11,0,"[1, 13, 21, 30]","[0.898, 0.8871, 0.8718, 0.8621, 1.0, 0.8462, 0.8242, 0.7222, 0.7083, 0.9118, 1.0, 0.8966, 0.7, 1.0, 0.8214, 0.88, 0.8148, 0.8333, 0.8333, 1.0, 1.0, 1.0, 0.8, 0.75, 1.0, 1.0, 0.8889, 1.0, 0.6667, 0.6923, 1.0, 0.6, 0.9231, 0.6667, 0.7944, 0.75, 0.5, 0.6667, 0.7857, 0.8367, 0.8947, 0.9677]"
7,7,random,0.074037,0.074037,0.074037,1.0,7,True,73,0,131,782,0,"[0, 1, 2, 3, 5, 6, 7, 8, 9, 11, 12, 13, 14, 16, 26, 29, 30, 31, 32, 34, 35, 38, 39, 40, 41]","[0.0816, 0.0806, 0.1026, 0.1379, 0.0, 0.0769, 0.0549, 0.0556, 0.0417, 0.0882, 0.0, 0.0345, 0.2, 0.0769, 0.0179, 0.04, 0.1852, 0.0, 0.0, 0.0, 0.0, 0.0, 0.0, 0.0, 0.0, 0.0, 0.2222, 0.0, 0.0, 0.1538, 0.0455, 0.2, 0.0769, 0.0, 0.028, 0.25, 0.0, 0.0, 0.0714, 0.0612, 0.1053, 0.3548]"
7,7,champions,0.858012,0.858012,0.858012,1.0,7,True,846,0,132,8,0,"[1, 2, 5, 6, 7, 13, 14, 15, 18, 19, 28, 29, 30, 31, 32, 34, 37, 39, 41]","[0.8776, 0.7903, 0.8718, 0.7931, 1.0, 0.8077, 0.9011, 0.7778, 0.9167, 0.7941, 1.0, 0.7241, 0.7, 0.9231, 0.8036, 0.88, 0.9259, 0.8333, 0.8333, 1.0, 1.0, 1.0, 1.0, 0.8333, 0.5, 0.875, 0.6667, 1.0, 1.0, 1.0, 0.8636, 1.0, 1.0, 0.6667, 0.8972, 0.75, 0.5, 0.8333, 0.7857, 0.8571, 0.9474, 0.9032]"
7,7,cluster,0.091278,0.091278,0.091278,1.0,4,True,90,0,132,764,0,"[32, 39]","[0.102, 0.0484, 0.0513, 0.0345, 0.0, 0.0, 0.011, 0.0, 0.0417, 0.0294, 0.0, 0.0, 0.0, 0.0, 0.0179, 0.0, 0.1111, 0.0, 0.0, 0.1111, 0.0, 0.0, 0.0, 0.0833, 0.0, 0.125, 0.0, 0.0, 0.0, 0.0, 0.0, 0.0, 1.0, 0.0, 0.0187, 0.0, 0.0, 0.0, 0.2143, 0.9388, 0.0526, 0.0323]"
8,8,random,0.097363,0.097363,0.097363,1.0,6,True,96,0,142,748,0,"[0, 1, 2, 3, 5, 6, 7, 8, 11, 13, 14, 16, 18, 19, 20, 23, 24, 25, 31, 34, 38, 39, 41]","[0.0204, 0.129, 0.1282, 0.069, 0.0, 0.1923, 0.1319, 0.1667, 0.0417, 0.0, 0.0, 0.1379, 0.0, 0.0769, 0.0536, 0.08, 0.0741, 0.0, 0.3333, 0.1111, 0.1, 0.0, 0.4, 0.1667, 0.25, 0.125, 0.0, 0.0, 0.1667, 0.0, 0.0, 0.2, 0.0, 0.0, 0.1028, 0.0, 0.5, 0.0, 0.2143, 0.1429, 0.0, 0.0323]"
8,8,champions,0.833671,0.833671,0.833671,1.0,8,True,822,0,147,17,0,"[1, 2, 5, 6, 7, 13, 14, 15, 18, 19, 28, 29, 30, 31, 32, 34, 37, 39, 41]","[0.8571, 0.871, 0.7949, 0.8276, 1.0, 0.7692, 0.8352, 0.9444, 0.9167, 0.7941, 0.0, 0.8621, 0.9, 0.6923, 0.8929, 0.88, 0.7778, 0.8333, 0.8333, 1.0, 0.8, 1.0, 0.8, 0.9167, 1.0, 0.625, 0.5556, 1.0, 0.8333, 0.8462, 0.9091, 0.6667, 0.8462, 0.6667, 0.8318, 0.75, 1.0, 0.7778, 0.6786, 0.7959, 0.7895, 0.8387]"
8,8,cluster,0.084178,0.084178,0.084178,1.0,7,True,83,0,145,758,0,[0],"[1.0, 0.129, 0.0, 0.0, 0.0, 0.0, 0.0, 0.0741, 0.0, 0.0, 0.0, 0.0, 0.0, 0.0, 0.0179, 0.04, 0.0, 0.0, 0.0, 0.2222, 0.0, 0.0, 0.2, 0.25, 0.0, 0.0, 0.0, 1.0, 0.0833, 0.0, 0.0, 0.0667, 0.0, 0.0, 0.0561, 0.0, 0.5, 0.0, 0.0357, 0.0612, 0.0, 0.0]"
9,9,random,0.148073,0.148073,0.148073,1.0,17,True,146,0,133,707,0,"[0, 1, 2, 3, 5, 6, 7, 8, 9, 13, 14, 15, 16, 18, 21, 28, 29, 30, 32, 34, 38, 39, 40, 41]","[0.102, 0.0323, 0.0513, 0.7931, 0.0, 0.0385, 0.0989, 0.1296, 0.7917, 0.0882, 0.0, 0.0, 0.0, 0.1538, 0.0536, 0.2, 0.1111, 0.0, 0.3333, 0.0, 0.1, 0.25, 0.0, 0.0833, 0.0, 0.0, 0.0, 0.0, 0.0833, 0.0769, 0.0909, 0.0, 0.3077, 0.0, 0.2804, 0.0, 0.0, 0.0, 0.1429, 0.1633, 0.1053, 0.129]"
9,9,champions,0.84787,0.84787,0.84787,1.0,8,True,836,0,136,14,0,"[1, 2, 5, 6, 7, 13, 14, 15, 18, 19, 28, 29, 30, 31, 32, 34, 37, 39, 41]","[0.8367, 0.7419, 0.8462, 0.7931, 1.0, 0.7308, 0.7912, 0.8519, 0.875, 0.9118, 0.0, 0.9655, 0.9, 0.9231, 0.8393, 0.92, 0.8148, 0.8333, 0.8333, 1.0, 1.0, 0.75, 1.0, 0.9167, 0.75, 0.875, 0.7778, 0.0, 1.0, 0.7692, 1.0, 0.8667, 0.9231, 0.6667, 0.8598, 0.75, 1.0, 0.8333, 0.8571, 0.8163, 0.8421, 0.9355]"
9,9,cluster,0.075051,0.075051,0.075051,1.0,9,True,74,0,134,778,0,"[3, 4, 20, 26]","[0.0, 0.0, 0.1795, 1.0, 0.3333, 0.1923, 0.022, 0.0, 0.0, 0.0, 0.0, 0.0, 0.0, 0.0, 0.0179, 0.04, 0.0, 0.0, 0.0, 0.0, 1.0, 0.0, 0.0, 0.0833, 0.0, 0.0, 1.0, 0.0, 0.0, 0.0, 0.0909, 0.0, 0.0, 0.0, 0.0187, 0.0, 0.0, 0.0, 0.1071, 0.0, 0.0, 0.0323]"
10,10,random,0.846856,0.846856,0.846856,1.0,20,True,835,0,137,14,0,"[0, 1, 2, 3, 6, 7, 8, 9, 11, 14, 19, 20, 24, 26, 30, 34, 37, 38, 39, 41]","[0.898, 0.7742, 0.8462, 0.8276, 0.6667, 0.8077, 0.8791, 0.7963, 0.9583, 0.9706, 1.0, 0.8276, 0.6, 0.8462, 0.8214, 0.88, 0.8889, 0.6667, 0.8333, 1.0, 0.9, 0.875, 0.8, 0.8333, 1.0, 0.75, 0.6667, 1.0, 0.9167, 1.0, 0.8636, 0.6667, 0.7692, 0.6667, 0.8785, 0.75, 1.0, 1.0, 0.8214, 0.8163, 0.9474, 0.7097]"
10,10,champions,0.848884,0.848884,0.848884,1.0,7,True,837,0,137,12,0,"[1, 2, 5, 6, 7, 13, 14, 15, 18, 19, 28, 29, 30, 31, 32, 34, 37, 39, 41]","[0.898, 0.7742, 0.8462, 0.7586, 0.6667, 0.8462, 0.8791, 0.8148, 0.9583, 0.9706, 1.0, 0.8276, 0.6, 0.8462, 0.8214, 0.88, 0.8889, 0.6667, 1.0, 1.0, 0.9, 0.875, 0.8, 0.8333, 0.75, 0.75, 0.6667, 1.0, 0.9167, 1.0, 0.9091, 0.7333, 0.7692, 0.6667, 0.8785, 0.75, 1.0, 1.0, 0.8214, 0.8163, 0.9474, 0.7097]"
10,10,cluster,0.099391,0.099391,0.099391,1.0,7,True,98,0,136,752,0,"[33, 37, 38]","[0.0408, 0.0161, 0.0256, 0.0, 0.0, 0.1154, 0.0, 0.0741, 0.0, 0.0, 0.0, 0.0, 0.0, 0.0, 0.0, 0.0, 0.0741, 0.1667, 0.0, 0.1111, 0.1, 0.0, 0.0, 0.0, 0.0, 0.125, 0.0, 0.0, 0.1667, 0.0769, 0.0, 0.0, 0.0, 1.0, 0.1776, 0.0, 0.0, 1.0, 1.0, 0.1429, 0.1053, 0.0323]"
11,11,random,0.088235,0.088235,0.088235,1.0,5,True,87,0,159,740,0,"[0, 1, 3, 4, 5, 6, 7, 8, 9, 11, 13, 14, 15, 19, 21, 23, 25, 28, 29, 30, 34, 37, 38, 39, 40, 41]","[0.0612, 0.0806, 0.0256, 0.0345, 0.3333, 0.0769, 0.044, 0.1111, 0.0417, 0.0294, 0.0, 0.069, 0.0, 0.0769, 0.125, 0.04, 0.1111, 0.6667, 0.0, 0.1111, 0.3, 0.125, 0.0, 0.0833, 0.0, 0.25, 0.0, 0.0, 0.3333, 0.3077, 0.0455, 0.0, 0.0, 0.0, 0.0374, 0.0, 0.0, 0.1667, 0.2143, 0.1633, 0.0526, 0.1613]"
11,11,champions,0.821501,0.821501,0.821501,1.0,8,True,810,0,163,13,0,"[1, 2, 5, 6, 7, 13, 14, 15, 18, 19, 28, 29, 30, 31, 32, 34, 37, 39, 41]","[0.8367, 0.7419, 0.8718, 0.8966, 0.3333, 1.0, 0.7912, 0.7593, 0.9167, 0.6765, 1.0, 0.7931, 1.0, 0.9231, 0.7321, 0.92, 0.8148, 1.0, 1.0, 0.8889, 0.7, 0.875, 1.0, 0.6667, 0.75, 0.875, 0.7778, 1.0, 0.9167, 0.8462, 0.9545, 0.8667, 1.0, 0.6667, 0.8224, 0.75, 0.5, 0.9444, 0.7857, 0.8776, 0.7895, 0.6774]"
11,11,cluster,0.089249,0.089249,0.089249,1.0,6,True,88,0,167,731,0,"[32, 39]","[0.0612, 0.0645, 0.0, 0.0, 0.0, 0.0, 0.0, 0.0185, 0.0, 0.0294, 0.0, 0.0, 0.0, 0.0, 0.0, 0.0, 0.1481, 0.3333, 0.0, 0.0, 0.0, 0.0, 0.0, 0.0, 0.0, 0.0, 0.0, 0.0, 0.0833, 0.0769, 0.0, 0.0, 1.0, 0.0, 0.0187, 0.0, 0.5, 0.1111, 0.1071, 0.9592, 0.0, 0.0968]"
12,12,random,0.090264,0.090264,0.090264,1.0,4,True,89,0,152,745,0,"[0, 1, 2, 5, 6, 7, 8, 11, 13, 14, 15, 16, 17, 19, 23, 25, 28, 32, 34, 37, 38, 39, 41]","[0.102, 0.0968, 0.0513, 0.1379, 0.0, 0.0385, 0.0989, 0.0926, 0.125, 0.0, 0.0, 0.0345, 0.0, 0.3077, 0.1071, 0.24, 0.037, 0.3333, 0.0, 0.1111, 0.0, 0.0, 0.2, 0.0833, 0.0, 0.25, 0.1111, 0.0, 0.1667, 0.0, 0.0, 0.0, 0.0769, 0.0, 0.1215, 0.0, 0.0, 0.0556, 0.0714, 0.0408, 0.0, 0.2258]"
12,12,champions,0.833671,0.833671,0.833671,1.0,7,True,822,0,153,11,0,"[1, 2, 5, 6, 7, 13, 14, 15, 18, 19, 28, 29, 30, 31, 32, 34, 37, 39, 41]","[0.8367, 0.8387, 0.7949, 0.8621, 1.0, 0.9231, 0.8462, 0.9074, 0.7917, 0.7353, 1.0, 0.8966, 0.8, 0.7692, 0.8393, 0.8, 0.8889, 0.6667, 0.8333, 0.7778, 0.9, 0.875, 0.8, 0.8333, 1.0, 0.75, 0.6667, 1.0, 0.8333, 0.8462, 0.9091, 0.8, 0.8462, 1.0, 0.7477, 1.0, 1.0, 0.9444, 0.7857, 0.8163, 0.9474, 0.871]"
12,12,cluster,0.091278,0.091278,0.091278,1.0,4,True,90,0,154,742,0,"[4, 21, 37, 41]","[0.0204, 0.0161, 0.0, 0.1379, 1.0, 0.0, 0.022, 0.0185, 0.0417, 0.0, 0.0, 0.0, 0.1, 0.1538, 0.0179, 0.32, 0.0, 0.3333, 0.0, 0.0, 0.0, 1.0, 0.4, 0.0, 0.0, 0.0, 0.1111, 0.0, 0.0833, 0.0, 0.0, 0.0, 0.0, 0.0, 0.0374, 0.0, 0.0, 0.8333, 0.0, 0.0204, 0.0, 1.0]"
13,13,random,0.851927,0.851927,0.851927,1.0,21,True,840,0,135,11,0,"[0, 1, 2, 3, 5, 6, 7, 8, 9, 11, 14, 15, 16, 17, 20, 24, 29, 30, 31, 32, 34, 37, 38, 39, 40, 41]","[0.8571, 0.871, 0.8462, 0.7931, 0.6667, 0.8077, 0.8352, 0.7963, 0.8333, 0.7059, 1.0, 0.8966, 1.0, 0.8462, 0.9107, 0.84, 0.7778, 0.8333, 1.0, 0.8889, 0.9, 1.0, 1.0, 0.8333, 1.0, 0.75, 0.7778, 1.0, 0.8333, 0.8462, 0.9545, 0.9333, 0.8462, 1.0, 0.8692, 1.0, 0.5, 0.8333, 0.8929, 0.8571, 0.9474, 0.7742]"
13,13,champions,0.848884,0.848884,0.848884,1.0,7,True,837,0,135,14,0,"[1, 2, 5, 6, 7, 13, 14, 15, 18, 19, 28, 29, 30, 31, 32, 34, 37, 39, 41]","[0.8367, 0.871, 0.8718, 0.7931, 0.6667, 0.8077, 0.8352, 0.8148, 0.8333, 0.7059, 1.0, 0.8621, 1.0, 0.9231, 0.8929, 0.84, 0.7407, 0.8333, 1.0, 0.8889, 0.9, 1.0, 1.0, 0.8333, 1.0, 0.75, 0.7778, 1.0, 0.8333, 0.7692, 1.0, 1.0, 0.8462, 1.0, 0.8318, 1.0, 0.5, 0.9444, 0.8571, 0.8571, 0.9474, 0.7742]"
13,13,cluster,0.086207,0.086207,0.086207,1.0,5,True,85,0,136,765,0,"[5, 20, 25, 28, 35]","[0.102, 0.0323, 0.1538, 0.069, 0.0, 1.0, 0.0, 0.0, 0.0, 0.0, 1.0, 0.1379, 0.0, 0.0, 0.0, 0.08, 0.0, 0.1667, 0.0, 0.0, 1.0, 0.0, 0.0, 0.0833, 0.0, 1.0, 0.0, 0.0, 0.0833, 0.1538, 0.0455, 0.0, 0.0, 0.0, 0.028, 1.0, 0.0, 0.0, 0.0714, 0.0, 0.1579, 0.0323]"
14,14,random,0.821501,0.821501,0.821501,1.0,19,True,810,0,153,23,0,"[0, 1, 2, 3, 6, 7, 8, 9, 11, 13, 14, 15, 17, 19, 24, 25, 26, 30, 31, 34, 37, 38, 39, 40]","[0.8776, 0.8387, 0.8205, 0.8621, 1.0, 0.8462, 0.7802, 0.8333, 0.7083, 0.7353, 1.0, 0.8621, 0.9, 0.8462, 0.7679, 0.88, 0.7778, 0.1667, 0.8333, 0.7778, 1.0, 0.625, 0.8, 0.5833, 0.75, 1.0, 0.5556, 1.0, 0.8333, 1.0, 0.8182, 0.9333, 0.9231, 1.0, 0.8598, 0.75, 1.0, 0.8889, 0.8571, 0.9184, 0.7368, 0.6774]"
14,14,champions,0.825558,0.825558,0.825558,1.0,7,True,814,0,152,20,0,"[1, 2, 5, 6, 7, 13, 14, 15, 18, 19, 28, 29, 30, 31, 32, 34, 37, 39, 41]","[0.8571, 0.8226, 0.8205, 0.8621, 1.0, 0.9231, 0.7692, 0.8333, 0.75, 0.7353, 1.0, 0.8621, 0.9, 0.9231, 0.7857, 0.88, 0.7778, 0.3333, 1.0, 0.7778, 1.0, 0.625, 0.8, 0.5833, 0.75, 1.0, 0.5556, 1.0, 0.8333, 1.0, 0.9091, 0.9333, 0.9231, 1.0, 0.8505, 0.75, 1.0, 0.8889, 0.8571, 0.8776, 0.7368, 0.7097]"
14,14,cluster,0.087221,0.087221,0.087221,1.0,5,True,86,0,152,748,0,"[5, 13, 16]","[0.0, 0.0484, 0.0256, 0.0, 0.0, 0.8462, 0.022, 0.0, 0.0417, 0.0294, 0.0, 0.0345, 0.0, 1.0, 0.0357, 0.12, 1.0, 0.0, 0.0, 0.0, 0.0, 0.0, 0.0, 0.0, 0.0, 0.25, 0.0, 0.0, 0.0833, 0.0, 0.0, 0.0, 0.0, 0.0, 0.0, 0.0, 0.0, 0.0, 0.0357, 0.0816, 0.0526, 0.0323]"
15,15,random,0.103448,0.103448,0.103448,1.0,11,True,102,0,153,731,0,"[0, 1, 2, 3, 6, 7, 8, 11, 14, 15, 16, 18, 19, 20, 25, 26, 28, 29, 30, 32, 34, 39]","[0.1224, 0.1129, 0.0513, 0.069, 0.0, 0.0385, 0.0549, 0.037, 0.0833, 0.0, 0.0, 0.1379, 0.0, 0.0, 0.0714, 0.12, 0.1481, 0.0, 0.3333, 0.1111, 0.1, 0.0, 0.0, 0.0, 0.0, 0.125, 0.2222, 0.0, 0.0833, 0.1538, 0.0909, 0.0, 0.0769, 0.0, 0.0935, 0.0, 0.0, 0.0, 0.0357, 0.7347, 0.0, 0.0]"
15,15,champions,0.836714,0.836714,0.836714,1.0,9,True,825,0,150,11,0,"[1, 2, 5, 6, 7, 13, 14, 15, 18, 19, 28, 29, 30, 31, 32, 34, 37, 39, 41]","[0.8367, 0.8065, 0.9231, 0.7241, 1.0, 0.8846, 0.8022, 0.8519, 0.875, 0.8529, 1.0, 0.9655, 1.0, 0.6154, 0.7857, 0.8, 0.963, 1.0, 0.8333, 1.0, 0.7, 0.875, 0.8, 0.9167, 1.0, 0.75, 0.8889, 0.0, 1.0, 0.8462, 0.9091, 0.8, 0.8462, 0.6667, 0.7944, 0.5, 1.0, 0.8333, 0.75, 0.8163, 0.8421, 0.9355]"
15,15,cluster,0.060852,0.060852,0.060852,1.0,3,True,60,0,151,775,0,"[8, 38]","[0.0204, 0.0323, 0.0, 0.0, 0.0, 0.0, 0.0, 0.0185, 1.0, 0.0588, 0.0, 0.0345, 0.0, 0.0, 0.0179, 0.0, 0.0741, 0.0, 0.0, 0.0, 0.0, 0.0, 0.0, 0.0, 0.0, 0.0, 0.0, 0.0, 0.0, 0.0, 0.0, 0.0, 0.0, 0.0, 0.0, 0.0, 0.0, 0.0, 0.9286, 0.0, 0.0, 0.0]"
16,16,random,0.088235,0.088235,0.088235,1.0,4,True,87,0,152,747,0,"[0, 1, 2, 3, 5, 6, 7, 8, 9, 11, 13, 14, 15, 16, 19, 20, 21, 23, 28, 29, 34, 37, 38, 39, 40, 41]","[0.1224, 0.1613, 0.0769, 0.0345, 0.0, 0.1154, 0.033, 0.0741, 0.125, 0.0882, 0.0, 0.0345, 0.0, 0.0769, 0.0179, 0.16, 0.1111, 0.0, 0.0, 0.1111, 0.1, 0.375, 0.0, 0.1667, 0.0, 0.125, 0.0, 0.0, 0.0833, 0.1538, 0.0455, 0.0, 0.0, 0.0, 0.0841, 0.0, 0.0, 0.1111, 0.1071, 0.0612, 0.1053, 0.3226]"
16,16,champions,0.831643,0.831643,0.831643,1.0,8,True,820,0,154,12,0,"[1, 2, 5, 6, 7, 13, 14, 15, 18, 19, 28, 29, 30, 31, 32, 34, 37, 39, 41]","[0.8163, 0.871, 0.7949, 0.6552, 1.0, 0.9615, 0.7473, 0.8889, 0.9167, 0.8824, 0.0, 0.7931, 0.7, 0.8462, 0.8571, 0.8, 0.8519, 0.5, 1.0, 0.8889, 0.9, 1.0, 0.6, 0.9167, 0.75, 0.75, 0.8889, 0.0, 1.0, 0.7692, 0.9545, 0.9333, 1.0, 0.6667, 0.7757, 1.0, 1.0, 0.6667, 0.8929, 0.8163, 0.8947, 0.9032]"
16,16,cluster,0.070994,0.070994,0.070994,1.0,3,True,70,0,152,764,0,"[15, 41]","[0.0408, 0.0, 0.0513, 0.0, 0.0, 0.0, 0.0, 0.0, 0.0833, 0.0, 0.0, 0.0, 0.1, 0.0, 0.0714, 0.84, 0.0, 0.0, 0.0, 0.0, 0.0, 0.25, 0.0, 0.0, 0.0, 0.125, 0.0, 0.0, 0.0833, 0.0, 0.0455, 0.0, 0.0, 0.0, 0.0, 0.0, 0.0, 0.0, 0.0714, 0.0, 0.0, 1.0]"
17,17,random,0.837728,0.837728,0.837728,1.0,21,True,826,0,140,20,0,"[0, 1, 3, 5, 6, 7, 8, 11, 12, 13, 14, 16, 18, 21, 22, 25, 29, 30, 34, 35, 37, 38, 39, 41]","[0.8571, 0.8387, 0.8974, 0.7931, 1.0, 0.8077, 0.8462, 0.9074, 0.9167, 0.9118, 1.0, 0.8621, 0.9, 1.0, 0.7321, 0.76, 0.8519, 1.0, 0.6667, 0.8889, 0.9, 0.75, 0.6, 0.9167, 0.0, 0.875, 1.0, 1.0, 0.5, 0.6923, 0.7273, 0.6, 1.0, 1.0, 0.8224, 0.5, 1.0, 0.9444, 0.8571, 0.898, 0.7368, 0.9355]"
17,17,champions,0.843813,0.843813,0.843813,1.0,8,True,832,0,137,17,0,"[1, 2, 5, 6, 7, 13, 14, 15, 18, 19, 28, 29, 30, 31, 32, 34, 37, 39, 41]","[0.8571, 0.6613, 0.9231, 0.7931, 1.0, 0.8077, 0.8132, 0.9259, 0.9167, 0.9118, 1.0, 0.8621, 0.9, 1.0, 0.7679, 0.8, 0.8519, 1.0, 1.0, 0.8889, 0.9, 0.875, 0.6, 0.9167, 0.0, 0.875, 1.0, 1.0, 0.8333, 0.6923, 0.9091, 0.6667, 1.0, 1.0, 0.8411, 0.75, 1.0, 0.9444, 0.8929, 0.8776, 0.7368, 0.9355]"
17,17,cluster,0.163286,0.163286,0.163286,1.0,12,True,161,0,138,687,0,"[6, 10, 29, 40]","[0.0, 0.0323, 0.0256, 0.0345, 0.0, 0.0385, 0.8352, 0.2963, 0.0, 0.0, 1.0, 0.0, 0.0, 0.0769, 0.0179, 0.04, 0.0741, 0.0, 0.0, 0.0, 0.2, 0.0, 0.0, 0.0833, 0.0, 0.25, 0.1111, 0.0, 0.0, 1.0, 0.0455, 0.0667, 0.0769, 0.3333, 0.0093, 0.0, 0.5, 0.0, 0.0714, 0.1429, 1.0, 0.1613]"
18,18,random,0.088235,0.088235,0.088235,1.0,6,True,87,0,120,779,0,"[0, 1, 3, 4, 5, 6, 7, 8, 11, 14, 15, 16, 19, 21, 29, 30, 34, 37, 38, 39, 40, 41]","[0.0612, 0.0161, 0.0256, 0.1724, 0.3333, 0.0769, 0.044, 0.4815, 0.2083, 0.0588, 0.0, 0.0345, 0.0, 0.1538, 0.0714, 0.12, 0.037, 0.0, 0.0, 0.1111, 0.0, 0.25, 0.0, 0.0, 0.0, 0.0, 0.1111, 0.0, 0.0, 0.0769, 0.0455, 0.0, 0.0, 0.0, 0.0748, 0.0, 0.0, 0.0556, 0.1429, 0.0612, 0.0526, 0.0968]"
18,18,champions,0.86714,0.86714,0.86714,1.0,8,True,855,0,124,7,0,"[1, 2, 5, 6, 7, 13, 14, 15, 18, 19, 28, 29, 30, 31, 32, 34, 37, 39, 41]","[0.9184, 0.8226, 0.8462, 0.8621, 1.0, 0.9231, 0.8022, 0.8704, 0.875, 0.9412, 1.0, 0.8621, 0.6, 0.8462, 0.9464, 0.84, 0.8148, 0.8333, 1.0, 0.8889, 0.9, 0.75, 1.0, 0.8333, 0.75, 0.875, 0.7778, 1.0, 1.0, 0.8462, 0.9545, 0.8667, 0.9231, 0.6667, 0.8972, 1.0, 0.5, 0.7778, 0.8929, 0.8776, 0.7368, 0.871]"
18,18,cluster,0.099391,0.099391,0.099391,1.0,4,True,98,0,118,770,0,[6],"[0.0, 0.0161, 0.0, 0.0, 0.0, 0.0, 0.9231, 0.1481, 0.0, 0.0, 0.0, 0.0, 0.0, 0.0, 0.0, 0.0, 0.0, 0.0, 0.0, 0.0, 0.0, 0.0, 0.0, 0.0, 0.0, 0.0, 0.0, 0.0, 0.0, 0.0, 0.0, 0.0, 0.0, 0.0, 0.0187, 0.0, 0.0, 0.0556, 0.0, 0.0408, 0.0, 0.0]"
19,19,random,0.820487,0.820487,0.820487,1.0,19,True,809,0,156,21,0,"[0, 1, 2, 5, 6, 7, 9, 11, 14, 15, 18, 25, 32, 34, 37, 38, 39, 40, 41]","[0.8367, 0.8065, 0.9231, 0.7241, 0.6667, 0.8846, 0.8462, 0.8704, 0.7917, 0.8529, 1.0, 0.8276, 0.9, 0.8462, 0.7857, 0.76, 0.8519, 0.8333, 0.8333, 1.0, 0.8, 0.875, 0.6, 0.9167, 0.75, 0.875, 0.8889, 1.0, 0.75, 0.8462, 0.6818, 0.9333, 0.6923, 0.6667, 0.8131, 0.5, 1.0, 0.7222, 0.8571, 0.7347, 0.9474, 0.7742]"
19,19,champions,0.826572,0.826572,0.826572,1.0,9,True,815,0,154,17,0,"[1, 2, 5, 6, 7, 13, 14, 15, 18, 19, 28, 29, 30, 31, 32, 34, 37, 39, 41]","[0.8367, 0.8065, 0.9487, 0.7241, 0.6667, 0.9231, 0.8352, 0.8889, 0.7917, 0.7941, 1.0, 0.7586, 0.9, 0.8462, 0.7857, 0.72, 0.8519, 1.0, 1.0, 1.0, 0.8, 0.875, 0.6, 0.9167, 0.75, 0.875, 0.8889, 1.0, 0.8333, 0.9231, 0.8636, 0.9333, 0.6923, 0.6667, 0.8131, 0.5, 1.0, 0.7778, 0.8571, 0.7551, 0.8947, 0.7742]"
19,19,cluster,0.089249,0.089249,0.089249,1.0,5,True,88,0,159,739,0,"[4, 10, 11, 19, 31, 36]","[0.0204, 0.0806, 0.1282, 0.069, 1.0, 0.0, 0.0, 0.0185, 0.0, 0.0, 1.0, 0.9655, 0.0, 0.0, 0.0179, 0.04, 0.037, 0.0, 0.0, 1.0, 0.1, 0.0, 0.2, 0.0, 0.25, 0.0, 0.0, 0.0, 0.0, 0.1538, 0.0455, 1.0, 0.0, 0.0, 0.0187, 0.5, 1.0, 0.0556, 0.0, 0.0, 0.0526, 0.0323]"
20,20,random,0.119675,0.119675,0.119675,1.0,5,True,118,0,145,723,0,"[1, 2, 3, 4, 5, 6, 7, 8, 9, 11, 14, 16, 17, 20, 28, 30, 34, 39, 41]","[0.0816, 0.1935, 0.0769, 0.1379, 0.3333, 0.2308, 0.0989, 0.2407, 0.0417, 0.0882, 0.0, 0.5172, 0.0, 0.0, 0.2143, 0.0, 0.0741, 0.1667, 0.0, 0.0, 0.3, 0.0, 0.2, 0.0, 0.0, 0.0, 0.1111, 1.0, 0.1667, 0.0, 0.0909, 0.0, 0.0, 0.0, 0.1495, 0.0, 0.5, 0.0, 0.0357, 0.0408, 0.0, 0.0645]"
20,20,champions,0.839757,0.839757,0.839757,1.0,7,True,828,0,146,12,0,"[1, 2, 5, 6, 7, 13, 14, 15, 18, 19, 28, 29, 30, 31, 32, 34, 37, 39, 41]","[0.898, 0.9355, 0.8718, 0.931, 1.0, 0.8846, 0.7912, 0.8148, 0.75, 0.8529, 1.0, 0.7586, 0.9, 0.9231, 0.8929, 0.84, 0.8148, 0.6667, 1.0, 0.8889, 0.8, 0.75, 0.8, 0.75, 0.75, 1.0, 0.7778, 1.0, 0.9167, 0.9231, 0.9091, 0.8667, 1.0, 0.6667, 0.8131, 1.0, 1.0, 0.7778, 0.8214, 0.7347, 0.9474, 0.6452]"
20,20,cluster,0.095335,0.095335,0.095335,1.0,6,True,94,0,143,749,0,"[0, 11, 18, 22, 36]","[0.3469, 0.0484, 0.0, 0.069, 0.0, 0.0769, 0.022, 0.1296, 0.0833, 0.0588, 0.0, 1.0, 0.0, 0.0, 0.1071, 0.0, 0.0741, 0.0, 1.0, 0.0, 0.0, 0.0, 1.0, 0.0, 0.25, 0.0, 0.1111, 0.0, 0.1667, 0.0, 0.0455, 0.0, 0.0769, 0.0, 0.0, 0.0, 1.0, 0.0, 0.0, 0.0204, 0.0, 0.0]"
21,21,random,0.837728,0.837728,0.837728,1.0,17,True,826,0,145,15,0,"[0, 1, 2, 3, 4, 6, 7, 9, 11, 14, 15, 16, 18, 20, 21, 29, 31, 32, 34, 39, 40, 41]","[0.8776, 0.8387, 0.8205, 0.7931, 1.0, 0.8462, 0.8352, 0.8704, 1.0, 0.7059, 1.0, 0.7586, 0.9, 0.8462, 0.875, 0.88, 0.9259, 0.8333, 1.0, 0.8889, 1.0, 0.375, 1.0, 0.75, 0.25, 0.875, 1.0, 1.0, 0.9167, 1.0, 0.7273, 1.0, 0.6923, 1.0, 0.7757, 0.75, 1.0, 0.6667, 0.8571, 0.9184, 0.8421, 0.8065]"
21,21,champions,0.841785,0.841785,0.841785,1.0,8,True,830,0,144,12,0,"[1, 2, 5, 6, 7, 13, 14, 15, 18, 19, 28, 29, 30, 31, 32, 34, 37, 39, 41]","[0.8776, 0.8387, 0.8205, 0.7241, 1.0, 0.8846, 0.8132, 0.8704, 1.0, 0.7059, 1.0, 0.7586, 0.9, 0.9231, 0.8571, 0.88, 0.9259, 1.0, 1.0, 0.8889, 1.0, 0.375, 1.0, 0.75, 0.25, 0.875, 1.0, 1.0, 0.9167, 1.0, 0.8636, 0.9333, 0.6154, 1.0, 0.8224, 0.75, 1.0, 0.7222, 0.8571, 0.898, 0.8421, 0.8065]"
21,21,cluster,0.092292,0.092292,0.092292,1.0,6,True,91,0,143,752,0,"[9, 38]","[0.0408, 0.0484, 0.0, 0.0345, 0.0, 0.0, 0.011, 0.0, 0.0417, 0.9118, 0.0, 0.0, 0.0, 0.0769, 0.0536, 0.0, 0.1481, 0.1667, 0.0, 0.0, 0.0, 0.0, 0.2, 0.0, 0.0, 0.0, 0.0, 0.0, 0.0833, 0.3077, 0.0909, 0.0, 0.1538, 0.0, 0.0187, 0.0, 0.0, 0.0, 1.0, 0.0204, 0.1053, 0.0]"
22,22,random,0.116633,0.116633,0.116633,1.0,9,True,115,0,116,755,0,"[1, 2, 3, 6, 7, 8, 9, 11, 13, 14, 16, 18, 20, 22, 23, 25, 26, 28, 30, 32, 34, 36, 38, 39, 41]","[0.0204, 0.129, 0.1026, 0.1379, 0.0, 0.0, 0.0549, 0.2407, 0.125, 0.0588, 1.0, 0.0345, 0.1, 0.0769, 0.0357, 0.12, 0.1852, 0.3333, 0.1667, 0.0, 0.1, 0.0, 0.6, 0.1667, 0.0, 0.375, 0.1111, 0.0, 0.1667, 0.0, 0.0909, 0.0, 0.0769, 0.0, 0.0561, 0.0, 0.5, 0.0, 0.1786, 0.0816, 0.0, 0.871]"
22,22,champions,0.864097,0.864097,0.864097,1.0,8,True,852,0,118,16,0,"[1, 2, 5, 6, 7, 13, 14, 15, 18, 19, 28, 29, 30, 31, 32, 34, 37, 39, 41]","[0.8776, 0.9032, 0.9744, 0.8621, 1.0, 0.8077, 0.8681, 0.8704, 0.75, 0.9412, 1.0, 0.8276, 0.7, 0.6923, 0.7857, 0.88, 0.9259, 0.8333, 1.0, 0.7778, 1.0, 0.375, 0.8, 0.9167, 1.0, 1.0, 0.6667, 1.0, 0.8333, 1.0, 0.9545, 0.8667, 0.8462, 1.0, 0.8692, 1.0, 1.0, 0.8889, 0.75, 0.8776, 0.7368, 0.9355]"
22,22,cluster,0.064909,0.064909,0.064909,1.0,2,True,64,0,119,803,0,"[9, 13, 16]","[0.0, 0.0323, 0.0513, 0.0, 0.0, 0.0, 0.0, 0.0, 0.0417, 1.0, 0.0, 0.0, 0.0, 1.0, 0.0179, 0.12, 0.1481, 0.0, 0.0, 0.0, 0.0, 0.125, 0.0, 0.0, 0.0, 0.0, 0.0, 0.0, 0.0, 0.0, 0.0, 0.0, 0.0, 0.0, 0.0093, 0.0, 0.0, 0.0, 0.0, 0.0, 0.0, 0.0645]"
23,23,random,0.090264,0.090264,0.090264,1.0,5,True,89,0,137,760,0,"[0, 1, 2, 3, 4, 5, 6, 7, 8, 9, 11, 14, 15, 17, 22, 29, 31, 34, 35, 37, 38, 39, 40]","[0.102, 0.0323, 0.1282, 0.069, 0.3333, 0.0769, 0.0879, 0.0556, 0.125, 0.0882, 0.0, 0.2759, 0.0, 0.0, 0.1607, 0.04, 0.037, 0.3333, 0.0, 0.1111, 0.0, 0.0, 0.2, 0.0, 0.0, 0.125, 0.0, 0.0, 0.0, 0.2308, 0.0, 0.2, 0.0, 0.0, 0.0748, 0.25, 0.0, 0.1111, 0.1786, 0.0816, 0.2632, 0.0]"
23,23,champions,0.848884,0.848884,0.848884,1.0,7,True,837,0,135,14,0,"[1, 2, 5, 6, 7, 13, 14, 15, 18, 19, 28, 29, 30, 31, 32, 34, 37, 39, 41]","[0.8571, 0.7903, 0.9231, 0.7931, 1.0, 0.8462, 0.7582, 0.7778, 0.9583, 0.7647, 1.0, 0.7586, 0.7, 0.9231, 0.8929, 0.92, 0.8889, 0.8333, 0.8333, 1.0, 1.0, 1.0, 0.8, 0.9167, 0.5, 0.875, 0.8889, 0.0, 0.9167, 0.9231, 0.9545, 0.9333, 0.8462, 1.0, 0.8879, 1.0, 0.5, 0.9444, 0.8571, 0.8571, 0.6842, 0.8387]"
23,23,cluster,0.201826,0.201826,0.201826,1.0,12,True,199,0,136,651,0,"[14, 15, 17]","[0.0204, 0.0645, 0.1026, 0.0345, 0.0, 0.0, 0.022, 0.037, 0.0833, 0.7353, 1.0, 0.6897, 0.0, 0.8462, 0.8393, 1.0, 0.1111, 1.0, 0.0, 0.1111, 0.0, 1.0, 0.0, 0.0, 0.25, 0.125, 0.7778, 0.0, 0.1667, 0.7692, 0.0455, 0.0667, 0.1538, 0.0, 0.028, 0.0, 0.0, 0.0, 0.1429, 0.0204, 0.0526, 0.0645]"
24,24,random,0.103448,0.103448,0.103448,1.0,8,True,102,0,157,727,0,"[0, 1, 4, 5, 6, 7, 8, 9, 11, 13, 15, 16, 17, 18, 20, 26, 28, 29, 30, 34, 37, 40, 41]","[0.0408, 0.2419, 0.0256, 0.0, 0.3333, 0.0385, 0.2088, 0.0926, 0.125, 0.0882, 0.0, 0.069, 0.0, 0.2308, 0.0357, 0.08, 0.1111, 0.3333, 0.1667, 0.0, 0.1, 0.25, 0.0, 0.0, 0.0, 0.125, 0.2222, 0.0, 0.25, 0.1538, 0.1818, 0.0, 0.0, 0.0, 0.0748, 0.0, 0.0, 0.1111, 0.1786, 0.0408, 0.0526, 0.129]"
24,24,champions,0.824544,0.824544,0.824544,1.0,8,True,813,0,153,20,0,"[1, 2, 5, 6, 7, 13, 14, 15, 18, 19, 28, 29, 30, 31, 32, 34, 37, 39, 41]","[0.8571, 0.8065, 0.7692, 0.8621, 0.6667, 0.9615, 0.7802, 0.8333, 0.875, 0.8824, 1.0, 0.8966, 0.9, 0.9231, 0.7857, 0.8, 0.6667, 0.6667, 1.0, 0.8889, 0.7, 1.0, 0.8, 0.75, 0.5, 0.75, 0.8889, 1.0, 1.0, 0.7692, 0.9091, 0.6667, 0.9231, 1.0, 0.8505, 1.0, 0.5, 0.7778, 0.8571, 0.8367, 0.7895, 0.7097]"
24,24,cluster,0.076065,0.076065,0.076065,1.0,4,True,75,0,156,755,0,[7],"[0.0, 0.0161, 0.0256, 0.0, 0.0, 0.0, 0.0, 0.9815, 0.0, 0.0294, 0.0, 0.0, 0.0, 0.0, 0.0357, 0.0, 0.0, 0.0, 0.0, 0.0, 0.0, 0.0, 0.4, 0.0, 0.0, 0.125, 0.1111, 0.0, 0.1667, 0.0, 0.1364, 0.0, 0.0, 0.0, 0.0187, 0.0, 0.5, 0.0, 0.0714, 0.0204, 0.0526, 0.0323]"
25,25,random,0.090264,0.090264,0.090264,1.0,5,True,89,0,167,730,0,"[0, 1, 2, 3, 5, 6, 7, 8, 9, 12, 13, 14, 15, 17, 18, 20, 26, 29, 34, 37, 38, 39, 41]","[0.102, 0.0323, 0.0256, 0.069, 0.0, 0.0769, 0.0989, 0.1481, 0.0833, 0.0882, 0.0, 0.1034, 0.6, 0.0769, 0.0536, 0.08, 0.0, 0.1667, 0.1667, 0.0, 0.2, 0.0, 0.0, 0.0833, 0.0, 0.0, 0.2222, 0.0, 0.0, 0.0769, 0.0455, 0.0, 0.0, 0.0, 0.1776, 0.0, 0.0, 0.1111, 0.0714, 0.0612, 0.0, 0.1613]"
25,25,champions,0.822515,0.822515,0.822515,1.0,9,True,811,0,166,9,0,"[1, 2, 5, 6, 7, 13, 14, 15, 18, 19, 28, 29, 30, 31, 32, 34, 37, 39, 41]","[0.8367, 0.9194, 0.8718, 0.8276, 0.3333, 0.8077, 0.8132, 0.8704, 0.9167, 0.8824, 1.0, 0.7931, 0.5, 0.8462, 0.8214, 0.84, 0.8148, 1.0, 0.8333, 0.8889, 0.9, 0.875, 1.0, 0.5, 0.25, 1.0, 0.7778, 1.0, 0.5833, 0.7692, 0.9091, 0.7333, 0.8462, 0.6667, 0.785, 1.0, 0.5, 0.7778, 0.8214, 0.7755, 0.8421, 0.871]"
25,25,cluster,0.063895,0.063895,0.063895,1.0,3,True,63,0,169,754,0,"[9, 19, 24, 36]","[0.0408, 0.0, 0.0, 0.0, 0.0, 0.0, 0.0, 0.0185, 0.0, 1.0, 0.0, 0.1034, 0.0, 0.0, 0.0, 0.0, 0.037, 0.0, 0.0, 1.0, 0.0, 0.0, 0.0, 0.0, 1.0, 0.0, 0.0, 0.0, 0.0833, 0.0, 0.0455, 0.0, 0.0, 0.0, 0.0093, 0.0, 1.0, 0.0556, 0.0, 0.0, 0.0, 0.0968]"
26,26,random,0.848884,0.848884,0.848884,1.0,16,True,837,0,136,13,0,"[0, 1, 2, 3, 5, 6, 7, 8, 9, 11, 13, 14, 16, 17, 19, 20, 21, 22, 23, 26, 28, 30, 31, 34, 37, 38]","[0.8163, 0.8065, 0.8974, 0.931, 0.3333, 0.7692, 0.8791, 0.7593, 1.0, 0.9412, 1.0, 0.9655, 0.7, 0.9231, 0.8214, 0.92, 0.963, 1.0, 0.5, 0.8889, 0.8, 0.875, 0.8, 0.9167, 1.0, 0.875, 0.7778, 0.0, 0.8333, 0.9231, 0.7273, 0.8667, 0.6154, 1.0, 0.8224, 1.0, 0.5, 0.6667, 0.8929, 0.8571, 0.8421, 0.9355]"
26,26,champions,0.850913,0.850913,0.850913,1.0,8,True,839,0,139,8,0,"[1, 2, 5, 6, 7, 13, 14, 15, 18, 19, 28, 29, 30, 31, 32, 34, 37, 39, 41]","[0.8163, 0.8065, 0.9231, 0.8966, 0.3333, 0.7692, 0.8462, 0.7593, 1.0, 0.9118, 1.0, 0.9655, 0.7, 0.9231, 0.8036, 0.92, 0.9259, 1.0, 0.8333, 0.8889, 0.7, 0.875, 1.0, 0.9167, 1.0, 0.875, 0.6667, 0.0, 0.9167, 0.9231, 0.8182, 0.8667, 0.7692, 1.0, 0.8224, 1.0, 0.5, 0.7222, 0.9286, 0.8571, 0.8421, 0.9355]"
26,26,cluster,0.115619,0.115619,0.115619,1.0,15,True,114,0,139,733,0,"[13, 24, 25, 29, 32, 35]","[0.0, 0.0323, 0.0, 0.0, 0.0, 0.0, 0.011, 0.1111, 0.125, 0.1765, 0.0, 0.0, 0.0, 0.8462, 0.0357, 0.04, 0.2593, 0.1667, 0.0, 0.0, 0.3, 0.0, 0.0, 0.0833, 1.0, 1.0, 0.0, 0.0, 0.0, 1.0, 0.0, 0.4667, 1.0, 0.0, 0.0093, 1.0, 0.0, 0.0, 0.1429, 0.0, 0.7368, 0.0645]"
27,27,random,0.09432,0.09432,0.09432,1.0,7,True,93,0,140,753,0,"[0, 1, 2, 3, 5, 6, 7, 9, 11, 12, 13, 15, 25, 26, 28, 29, 30, 34, 35, 37, 39, 40, 41]","[0.0816, 0.2742, 0.0256, 0.0345, 0.0, 0.1923, 0.0659, 0.0741, 0.0, 0.1765, 0.0, 0.0345, 0.1, 0.3846, 0.0536, 0.04, 0.037, 0.0, 0.0, 0.0, 0.1, 0.0, 0.0, 0.0, 0.0, 0.25, 0.1111, 0.0, 0.0833, 0.3077, 0.0455, 0.0, 0.0, 0.0, 0.1121, 0.5, 0.0, 0.2778, 0.0, 0.0816, 0.1053, 0.0645]"
27,27,champions,0.839757,0.839757,0.839757,1.0,8,True,828,0,143,15,0,"[1, 2, 5, 6, 7, 13, 14, 15, 18, 19, 28, 29, 30, 31, 32, 34, 37, 39, 41]","[0.7755, 0.8548, 0.7692, 0.8276, 1.0, 0.8077, 0.8462, 0.7963, 0.9583, 0.8824, 1.0, 0.8276, 0.7, 0.8462, 0.8393, 0.92, 0.8519, 0.5, 1.0, 0.8889, 0.7, 0.625, 0.8, 0.9167, 1.0, 1.0, 0.6667, 0.0, 0.8333, 0.9231, 1.0, 1.0, 0.7692, 1.0, 0.8785, 0.75, 0.5, 0.8333, 0.8571, 0.8776, 0.6842, 0.7419]"
27,27,cluster,0.087221,0.087221,0.087221,1.0,4,True,86,0,142,758,0,[1],"[0.0, 0.9516, 0.0, 0.0, 0.0, 0.0385, 0.011, 0.037, 0.0, 0.0, 0.0, 0.0, 0.0, 0.1538, 0.0893, 0.0, 0.1481, 0.1667, 0.0, 0.0, 0.1, 0.0, 0.0, 0.0, 0.0, 0.125, 0.0, 0.0, 0.0, 0.1538, 0.0, 0.0, 0.0, 0.6667, 0.0374, 0.0, 0.0, 0.0, 0.0357, 0.0, 0.0, 0.0]"
28,28,random,0.111562,0.111562,0.111562,1.0,8,True,110,0,121,755,0,"[0, 1, 2, 3, 6, 7, 8, 9, 13, 14, 15, 16, 17, 19, 29, 30, 32, 34, 37, 38, 39, 40, 41]","[0.1224, 0.0806, 0.0256, 0.3103, 0.0, 0.0, 0.1978, 0.0741, 0.875, 0.0882, 0.0, 0.0, 0.0, 0.1538, 0.0714, 0.04, 0.1481, 0.5, 0.0, 0.2222, 0.0, 0.0, 0.0, 0.0, 0.0, 0.0, 0.0, 0.0, 0.0, 0.0769, 0.1364, 0.0, 0.0769, 0.0, 0.1215, 0.0, 0.0, 0.0556, 0.1071, 0.0408, 0.1053, 0.0323]"
28,28,champions,0.864097,0.864097,0.864097,1.0,7,True,852,0,124,10,0,"[1, 2, 5, 6, 7, 13, 14, 15, 18, 19, 28, 29, 30, 31, 32, 34, 37, 39, 41]","[0.898, 0.7903, 0.9231, 0.8621, 0.6667, 0.8846, 0.8901, 0.7963, 0.9167, 0.8824, 0.0, 0.8276, 0.9, 1.0, 0.875, 0.76, 0.8889, 1.0, 1.0, 0.8889, 0.7, 1.0, 1.0, 0.75, 1.0, 0.875, 0.6667, 1.0, 1.0, 0.7692, 1.0, 0.9333, 0.9231, 1.0, 0.8972, 0.75, 0.5, 0.9444, 0.7143, 0.8776, 0.7368, 0.8065]"
28,28,cluster,0.085193,0.085193,0.085193,1.0,4,True,84,0,125,777,0,"[0, 28]","[0.9796, 0.0484, 0.0, 0.1379, 0.0, 0.0, 0.0, 0.0, 0.0, 0.0, 0.0, 0.0, 0.0, 0.0, 0.0, 0.0, 0.0, 0.0, 0.0, 0.1111, 0.0, 0.0, 0.0, 0.0, 0.0, 0.0, 0.0, 0.0, 1.0, 0.0, 0.0455, 0.0667, 0.0769, 0.0, 0.0467, 0.0, 0.0, 0.0556, 0.0714, 0.102, 0.0, 0.0]"
29,29,random,0.081136,0.081136,0.081136,1.0,3,True,80,0,140,766,0,"[0, 1, 2, 3, 5, 6, 11, 14, 15, 16, 17, 18, 19, 26, 28, 31, 34, 36, 38, 39, 40, 41]","[0.1429, 0.1129, 0.0513, 0.1379, 0.0, 0.1154, 0.1209, 0.0, 0.0, 0.0, 0.0, 0.1034, 0.0, 0.0, 0.0893, 0.12, 0.0741, 0.3333, 0.3333, 0.1111, 0.0, 0.0, 0.0, 0.0, 0.0, 0.0, 0.1111, 1.0, 0.0833, 0.0, 0.0, 0.0667, 0.0, 0.0, 0.1121, 0.0, 0.5, 0.0, 0.0714, 0.0816, 0.0526, 0.129]"
29,29,champions,0.837728,0.837728,0.837728,1.0,7,True,826,0,143,17,0,"[1, 2, 5, 6, 7, 13, 14, 15, 18, 19, 28, 29, 30, 31, 32, 34, 37, 39, 41]","[0.8571, 0.7903, 0.8974, 0.8966, 1.0, 0.8846, 0.8571, 0.7963, 0.9167, 0.7059, 1.0, 0.931, 0.7, 0.7692, 0.8214, 0.84, 0.7778, 1.0, 0.8333, 0.8889, 0.9, 0.75, 0.6, 0.9167, 0.0, 1.0, 0.8889, 1.0, 0.8333, 0.8462, 0.9545, 0.6, 0.6923, 0.6667, 0.8879, 1.0, 1.0, 0.8333, 0.7857, 0.8367, 0.8947, 0.8065]"
29,29,cluster,0.836714,0.836714,0.836714,1.0,15,True,825,0,141,20,0,"[18, 19, 28, 34]","[0.8571, 0.7903, 0.8974, 0.8966, 1.0, 0.8846, 0.8571, 0.7778, 0.9167, 0.7059, 1.0, 0.931, 0.7, 0.7692, 0.7679, 0.8, 0.7778, 1.0, 1.0, 1.0, 0.9, 0.625, 0.6, 0.9167, 0.0, 1.0, 0.8889, 1.0, 1.0, 0.8462, 0.8636, 0.6, 0.6923, 0.6667, 0.9159, 1.0, 1.0, 0.8333, 0.7857, 0.8367, 0.8947, 0.8065]"
30,30,random,0.850913,0.850913,0.850913,1.0,19,True,839,0,139,8,0,"[0, 1, 2, 3, 5, 6, 7, 8, 9, 11, 14, 15, 16, 19, 20, 21, 25, 28, 32, 34, 35, 37, 38, 39, 41]","[0.8571, 0.8871, 0.9744, 0.7931, 1.0, 0.8846, 0.8571, 0.8704, 0.8333, 0.8824, 1.0, 0.8276, 0.6, 0.8462, 0.9286, 0.8, 0.8519, 0.6667, 0.8333, 0.7778, 1.0, 1.0, 0.8, 0.75, 0.75, 0.875, 1.0, 1.0, 0.9167, 0.5385, 0.9545, 0.9333, 0.8462, 1.0, 0.8131, 1.0, 1.0, 0.8889, 0.75, 0.8571, 0.7368, 0.7419]"
30,30,champions,0.8357,0.8357,0.8357,1.0,8,True,824,0,150,12,0,"[1, 2, 5, 6, 7, 13, 14, 15, 18, 19, 28, 29, 30, 31, 32, 34, 37, 39, 41]","[0.8571, 0.871, 0.9487, 0.7931, 1.0, 0.9231, 0.8352, 0.8333, 0.75, 0.8529, 1.0, 0.8276, 0.6, 0.8462, 0.8929, 0.76, 0.8519, 0.6667, 0.8333, 0.7778, 1.0, 0.75, 0.8, 0.75, 0.75, 0.875, 1.0, 1.0, 1.0, 0.6154, 0.9545, 0.9333, 0.8462, 1.0, 0.8131, 1.0, 1.0, 0.8333, 0.75, 0.8367, 0.7368, 0.6774]"
30,30,cluster,0.845842,0.845842,0.845842,1.0,22,True,834,0,141,11,0,"[10, 34, 40]","[0.8571, 0.871, 0.9487, 0.7931, 1.0, 0.8846, 0.8462, 0.8333, 0.75, 0.8529, 1.0, 0.8276, 0.6, 0.8462, 0.8929, 0.76, 0.8519, 0.6667, 0.8333, 0.7778, 1.0, 0.75, 0.8, 0.75, 0.75, 0.875, 1.0, 1.0, 0.9167, 0.5385, 0.9545, 0.9333, 0.8462, 1.0, 0.8785, 1.0, 1.0, 0.8333, 0.75, 0.8367, 1.0, 0.6774]"
31,31,random,0.083164,0.083164,0.083164,1.0,3,True,82,0,136,768,0,"[0, 1, 2, 3, 5, 6, 7, 8, 9, 11, 13, 14, 15, 16, 21, 26, 29, 30, 31, 32, 34, 37, 39, 41]","[0.1429, 0.0484, 0.0769, 0.1034, 0.0, 0.0769, 0.0879, 0.0185, 0.125, 0.0588, 0.0, 0.069, 0.0, 0.2308, 0.1071, 0.16, 0.1111, 0.0, 0.0, 0.0, 0.0, 0.125, 0.0, 0.0, 0.25, 0.0, 0.1111, 0.0, 0.0, 0.0769, 0.0455, 0.0667, 0.3077, 0.0, 0.0935, 0.0, 0.0, 0.0556, 0.1071, 0.0816, 0.1053, 0.0645]"
31,31,champions,0.850913,0.850913,0.850913,1.0,7,True,839,0,135,12,0,"[1, 2, 5, 6, 7, 13, 14, 15, 18, 19, 28, 29, 30, 31, 32, 34, 37, 39, 41]","[0.8571, 0.7258, 0.9231, 0.8276, 1.0, 0.8462, 0.8352, 0.9074, 0.9167, 0.8235, 1.0, 0.8621, 0.7, 0.9231, 0.75, 0.88, 0.8519, 1.0, 0.8333, 0.8889, 0.9, 0.875, 0.8, 0.9167, 1.0, 0.75, 0.6667, 0.0, 0.9167, 0.7692, 0.8182, 0.9333, 1.0, 0.6667, 0.8598, 0.75, 1.0, 0.8889, 0.8929, 0.8367, 0.9474, 0.9355]"
31,31,cluster,0.116633,0.116633,0.116633,1.0,9,True,115,0,132,739,0,[14],"[0.0204, 0.0323, 0.0, 0.0, 0.0, 0.0, 0.011, 0.0185, 0.0417, 0.0294, 0.0, 0.0345, 0.0, 0.8462, 0.9643, 0.76, 0.0, 0.0, 0.3333, 0.0, 0.0, 0.875, 0.0, 0.0, 0.0, 0.0, 0.6667, 0.0, 0.0, 0.0, 0.0, 0.0, 0.0769, 0.0, 0.0187, 0.0, 0.0, 0.0, 0.1071, 0.0, 0.1053, 0.0]"
32,32,random,0.841785,0.841785,0.841785,1.0,18,True,830,0,148,8,0,"[0, 1, 2, 3, 6, 7, 9, 14, 16, 19, 21, 23, 30, 31, 34, 35, 37, 38, 39, 41]","[0.8776, 0.8065, 0.8462, 0.8621, 0.6667, 0.9615, 0.8352, 0.8519, 0.8333, 0.7941, 1.0, 0.6897, 0.8, 0.6923, 0.9107, 0.84, 0.8148, 1.0, 0.8333, 0.7778, 1.0, 0.875, 0.6, 0.8333, 0.0, 0.75, 0.8889, 1.0, 0.75, 0.9231, 0.8182, 0.9333, 0.8462, 0.6667, 0.8692, 0.75, 1.0, 0.8889, 0.7143, 0.8776, 0.9474, 0.871]"
32,32,champions,0.838742,0.838742,0.838742,1.0,8,True,827,0,153,6,0,"[1, 2, 5, 6, 7, 13, 14, 15, 18, 19, 28, 29, 30, 31, 32, 34, 37, 39, 41]","[0.8571, 0.7903, 0.8718, 0.7586, 0.6667, 0.9615, 0.8132, 0.8333, 0.8333, 0.7647, 1.0, 0.6897, 0.8, 0.6923, 0.9107, 0.84, 0.8148, 1.0, 0.8333, 0.8889, 1.0, 0.875, 0.6, 0.8333, 0.0, 0.75, 0.8889, 1.0, 0.8333, 0.9231, 0.9545, 0.8667, 0.8462, 0.6667, 0.8505, 0.75, 1.0, 0.8889, 0.7143, 0.9388, 0.9474, 0.871]"
32,32,cluster,0.149087,0.149087,0.149087,1.0,8,True,147,0,155,684,0,"[14, 25, 35]","[0.0, 0.0645, 0.0513, 0.0, 0.0, 0.0, 0.0, 0.0185, 0.0417, 0.0294, 0.0, 0.0345, 0.0, 0.4615, 0.9464, 0.68, 0.0, 0.0, 0.1667, 0.0, 0.2, 0.875, 0.0, 0.0, 0.0, 1.0, 0.7778, 1.0, 0.0, 0.3846, 0.0909, 0.0667, 0.0769, 0.0, 0.0841, 1.0, 0.0, 0.1111, 0.1071, 0.0408, 0.0, 0.1935]"
33,33,random,0.09432,0.09432,0.09432,1.0,5,True,93,0,142,751,0,"[0, 1, 2, 5, 6, 7, 9, 10, 14, 15, 16, 17, 20, 23, 24, 30, 31, 34, 37, 38, 39, 40, 41]","[0.102, 0.2258, 0.0256, 0.0345, 0.0, 0.1154, 0.0549, 0.2778, 0.0, 0.0882, 1.0, 0.0, 0.0, 0.0, 0.0179, 0.08, 0.1481, 0.1667, 0.0, 0.0, 0.1, 0.0, 0.2, 0.1667, 0.25, 0.0, 0.0, 0.0, 0.0, 0.1538, 0.0455, 0.0667, 0.0, 0.0, 0.0748, 0.0, 1.0, 0.2222, 0.1429, 0.0612, 0.2105, 0.0968]"
33,33,champions,0.836714,0.836714,0.836714,1.0,7,True,825,0,140,21,0,"[1, 2, 5, 6, 7, 13, 14, 15, 18, 19, 28, 29, 30, 31, 32, 34, 37, 39, 41]","[0.7959, 0.8065, 0.8462, 0.8276, 1.0, 0.9231, 0.8681, 0.8148, 0.7917, 0.7941, 1.0, 0.7931, 0.9, 0.7692, 0.875, 0.84, 0.8148, 0.6667, 1.0, 0.8889, 1.0, 0.5, 1.0, 0.8333, 0.5, 1.0, 1.0, 1.0, 0.9167, 0.6154, 1.0, 0.9333, 0.8462, 1.0, 0.8318, 0.75, 1.0, 0.7778, 0.8571, 0.7347, 0.8421, 0.9032]"
33,33,cluster,0.09432,0.09432,0.09432,1.0,7,True,93,0,142,751,0,"[16, 19, 37]","[0.0204, 0.0806, 0.0, 0.0, 0.0, 0.0, 0.044, 0.1481, 0.0, 0.0, 0.0, 0.0, 0.0, 0.0769, 0.0179, 0.0, 1.0, 0.0, 0.0, 0.4444, 0.1, 0.0, 0.0, 0.0, 0.0, 0.0, 0.0, 0.0, 0.0833, 0.1538, 0.0, 0.0, 0.0, 0.0, 0.1121, 0.0, 1.0, 1.0, 0.1071, 0.0204, 0.1053, 0.0]"
34,34,random,0.129817,0.129817,0.129817,1.0,7,True,128,0,140,718,0,"[0, 1, 2, 3, 5, 6, 8, 9, 12, 13, 14, 16, 18, 23, 24, 25, 28, 30, 31, 33, 34, 38, 39, 41]","[0.1224, 0.0484, 0.4872, 0.069, 0.0, 0.0769, 0.0769, 0.0185, 0.0833, 0.0882, 0.0, 0.0345, 0.2, 0.7692, 0.2857, 0.12, 0.0741, 0.0, 0.1667, 0.1111, 0.0, 0.125, 0.0, 0.5833, 1.0, 0.125, 0.1111, 0.0, 0.1667, 0.0, 0.0455, 0.0667, 0.0, 0.3333, 0.1028, 0.0, 0.0, 0.0, 0.0714, 0.102, 0.0, 0.3226]"
34,34,champions,0.843813,0.843813,0.843813,1.0,8,True,832,0,140,14,0,"[1, 2, 5, 6, 7, 13, 14, 15, 18, 19, 28, 29, 30, 31, 32, 34, 37, 39, 41]","[0.898, 0.8548, 0.7949, 0.7931, 0.6667, 0.8077, 0.8681, 0.9074, 0.5417, 0.9118, 1.0, 0.8621, 1.0, 0.9231, 0.8929, 0.84, 0.963, 0.6667, 0.8333, 0.8889, 0.8, 0.375, 0.4, 0.9167, 1.0, 0.75, 0.5556, 1.0, 0.8333, 1.0, 0.9091, 0.8667, 0.8462, 1.0, 0.8411, 1.0, 0.0, 1.0, 0.8571, 0.8367, 0.6842, 0.7742]"
34,34,cluster,0.844828,0.844828,0.844828,1.0,13,True,833,0,136,17,0,"[0, 20, 22, 30]","[0.9592, 0.8548, 0.7949, 0.7931, 0.6667, 0.7692, 0.8681, 0.9074, 0.4167, 0.9118, 1.0, 0.8621, 1.0, 0.8462, 0.8929, 0.84, 0.963, 0.6667, 0.8333, 0.8889, 1.0, 0.375, 1.0, 0.9167, 1.0, 0.75, 0.5556, 1.0, 0.5833, 1.0, 1.0, 0.8667, 0.8462, 1.0, 0.8411, 1.0, 0.0, 1.0, 0.8571, 0.8367, 0.6842, 0.7419]"
35,35,random,0.089249,0.089249,0.089249,1.0,5,True,88,0,152,746,0,"[0, 1, 2, 5, 6, 7, 8, 9, 10, 11, 13, 14, 16, 17, 18, 21, 29, 34, 37, 38, 39, 40, 41]","[0.102, 0.1129, 0.0769, 0.0, 0.0, 0.0385, 0.0659, 0.0556, 0.0833, 0.0588, 1.0, 0.2759, 0.1, 0.1538, 0.125, 0.16, 0.2222, 0.3333, 0.1667, 0.0, 0.0, 0.25, 0.2, 0.0, 0.0, 0.125, 0.1111, 0.0, 0.0833, 0.0769, 0.0455, 0.0667, 0.0, 0.0, 0.0374, 0.0, 0.0, 0.0556, 0.0357, 0.0816, 0.0526, 0.2258]"
35,35,champions,0.822515,0.822515,0.822515,1.0,7,True,811,0,156,19,0,"[1, 2, 5, 6, 7, 13, 14, 15, 18, 19, 28, 29, 30, 31, 32, 34, 37, 39, 41]","[0.8163, 0.6935, 0.7179, 0.8276, 1.0, 0.9615, 0.8352, 0.8519, 0.8333, 0.8824, 1.0, 0.7931, 0.9, 0.9231, 0.8393, 0.84, 0.8889, 0.6667, 1.0, 1.0, 0.8, 0.75, 1.0, 0.9167, 1.0, 1.0, 0.8889, 0.0, 0.8333, 0.6923, 0.9091, 0.8, 0.8462, 1.0, 0.757, 0.5, 0.5, 0.9444, 0.8571, 0.7959, 1.0, 0.7097]"
35,35,cluster,0.135903,0.135903,0.135903,1.0,8,True,134,0,152,700,0,"[11, 12, 15, 26]","[0.0204, 0.129, 0.0, 0.0, 0.0, 0.0, 0.022, 0.037, 0.0417, 0.0588, 0.0, 0.1724, 1.0, 0.6923, 0.75, 1.0, 0.037, 0.1667, 0.0, 0.0, 0.0, 0.5, 0.0, 0.0, 0.0, 0.125, 1.0, 0.0, 0.0, 0.0, 0.0455, 0.0667, 0.0769, 0.0, 0.0093, 0.0, 0.0, 0.0, 0.0, 0.0, 0.0, 0.2258]"
36,36,random,0.834686,0.834686,0.834686,1.0,25,True,823,0,148,15,0,"[0, 1, 2, 3, 5, 6, 7, 8, 9, 14, 15, 16, 20, 23, 29, 30, 34, 35, 38, 39, 41]","[0.8163, 0.7903, 0.7692, 0.931, 1.0, 0.7308, 0.8571, 0.8519, 0.8333, 0.7941, 1.0, 0.8966, 0.8, 1.0, 0.8214, 0.88, 0.8148, 1.0, 0.5, 0.8889, 0.8, 0.875, 1.0, 0.8333, 1.0, 0.5, 0.7778, 1.0, 0.75, 0.8462, 0.9545, 0.8667, 0.7692, 0.6667, 0.8785, 1.0, 1.0, 0.7222, 0.8214, 0.8163, 0.8421, 0.8065]"
36,36,champions,0.841785,0.841785,0.841785,1.0,8,True,830,0,145,11,0,"[1, 2, 5, 6, 7, 13, 14, 15, 18, 19, 28, 29, 30, 31, 32, 34, 37, 39, 41]","[0.8163, 0.8065, 0.7949, 0.8966, 1.0, 0.7692, 0.8681, 0.8519, 0.8333, 0.7941, 1.0, 0.8966, 0.8, 1.0, 0.8214, 0.84, 0.8148, 1.0, 0.6667, 1.0, 0.7, 0.875, 1.0, 0.8333, 1.0, 0.5, 0.7778, 1.0, 0.9167, 0.8462, 0.9545, 0.8667, 0.9231, 0.6667, 0.8785, 1.0, 1.0, 0.7778, 0.8214, 0.7959, 0.8421, 0.8065]"
36,36,cluster,0.103448,0.103448,0.103448,1.0,9,True,102,0,145,739,0,"[2, 20, 27, 33]","[0.0204, 0.0161, 1.0, 0.8966, 0.6667, 0.1923, 0.011, 0.0, 0.0417, 0.0, 0.0, 0.0, 0.0, 0.0, 0.0357, 0.16, 0.0741, 0.0, 0.0, 0.0, 0.6, 0.0, 0.0, 0.0, 0.0, 0.0, 0.0, 1.0, 0.0, 0.0769, 0.0, 0.0667, 0.0769, 1.0, 0.028, 0.0, 0.0, 0.0, 0.0, 0.0, 0.1053, 0.0]"
37,37,random,0.102434,0.102434,0.102434,1.0,4,True,101,0,158,727,0,"[0, 1, 3, 6, 7, 9, 11, 14, 15, 16, 18, 19, 20, 21, 22, 23, 25, 26, 28, 30, 32, 34, 38, 39, 40, 41]","[0.1633, 0.0484, 0.0256, 0.0345, 0.0, 0.0, 0.0769, 0.2222, 0.0, 0.0882, 0.0, 0.0345, 0.0, 0.0, 0.0893, 0.12, 0.1111, 0.0, 0.1667, 0.2222, 0.1, 0.125, 0.2, 0.1667, 0.0, 0.25, 0.3333, 1.0, 0.1667, 0.0, 0.0909, 0.0667, 0.1538, 0.0, 0.1215, 0.0, 0.5, 0.0, 0.1071, 0.0204, 0.2105, 0.3548]"
37,37,champions,0.820487,0.820487,0.820487,1.0,9,True,809,0,159,18,0,"[1, 2, 5, 6, 7, 13, 14, 15, 18, 19, 28, 29, 30, 31, 32, 34, 37, 39, 41]","[0.9592, 0.7581, 0.8205, 0.7241, 1.0, 0.8846, 0.7802, 0.8704, 0.9583, 0.9412, 1.0, 0.8276, 0.8, 0.9231, 0.8571, 0.8, 0.7407, 0.8333, 1.0, 0.7778, 0.8, 0.625, 0.6, 0.8333, 1.0, 0.625, 0.7778, 1.0, 0.75, 0.7692, 0.7273, 0.7333, 0.7692, 0.6667, 0.7664, 0.75, 1.0, 0.7222, 0.8929, 0.898, 0.7895, 0.871]"
37,37,cluster,0.076065,0.076065,0.076065,1.0,3,True,75,0,158,753,0,"[8, 12, 19, 25]","[0.0408, 0.0323, 0.0256, 0.0345, 0.0, 0.0, 0.011, 0.037, 0.9583, 0.0588, 0.0, 0.0, 1.0, 0.0, 0.0, 0.04, 0.0741, 0.0, 0.0, 1.0, 0.0, 0.0, 0.0, 0.0833, 0.0, 1.0, 0.0, 0.0, 0.0, 0.0769, 0.0455, 0.0, 0.0769, 0.0, 0.0093, 0.0, 0.0, 0.0, 0.0, 0.0, 0.1053, 0.129]"
38,38,random,0.077079,0.077079,0.077079,1.0,4,True,76,0,133,777,0,"[0, 1, 2, 3, 5, 6, 7, 8, 9, 11, 13, 14, 15, 16, 17, 22, 23, 24, 25, 32, 34, 38, 39]","[0.1429, 0.0484, 0.0769, 0.1034, 0.0, 0.0385, 0.0549, 0.0741, 0.0833, 0.0882, 0.0, 0.1379, 0.0, 0.1538, 0.0357, 0.08, 0.1111, 0.1667, 0.0, 0.0, 0.0, 0.0, 0.2, 0.4167, 0.75, 0.125, 0.0, 0.0, 0.1667, 0.0, 0.0, 0.0667, 0.0769, 0.0, 0.0935, 0.0, 0.0, 0.0, 0.1429, 0.0408, 0.0, 0.0323]"
38,38,champions,0.852941,0.852941,0.852941,1.0,7,True,841,0,134,11,0,"[1, 2, 5, 6, 7, 13, 14, 15, 18, 19, 28, 29, 30, 31, 32, 34, 37, 39, 41]","[0.8571, 0.8548, 0.8974, 0.8966, 1.0, 0.8077, 0.8681, 0.9074, 0.8333, 0.7941, 1.0, 0.7586, 0.8, 1.0, 0.875, 0.8, 0.8519, 1.0, 1.0, 1.0, 0.7, 1.0, 0.6, 0.8333, 1.0, 0.625, 1.0, 0.0, 0.9167, 0.8462, 0.9545, 0.8667, 0.9231, 0.6667, 0.8224, 1.0, 1.0, 0.8889, 0.8571, 0.8367, 0.7368, 0.7742]"
38,38,cluster,0.851927,0.851927,0.851927,1.0,19,True,840,0,134,12,0,"[2, 13, 21, 29]","[0.8571, 0.8548, 0.9231, 0.8966, 1.0, 0.8077, 0.8681, 0.9074, 0.8333, 0.7941, 1.0, 0.7586, 0.8, 1.0, 0.875, 0.8, 0.8519, 1.0, 1.0, 1.0, 0.7, 1.0, 0.6, 0.8333, 1.0, 0.625, 1.0, 0.0, 0.9167, 1.0, 0.8636, 0.8667, 0.9231, 0.6667, 0.8131, 1.0, 1.0, 0.8889, 0.8571, 0.8163, 0.7368, 0.7742]"
39,39,random,0.079108,0.079108,0.079108,1.0,3,True,78,0,130,778,0,"[0, 1, 2, 3, 5, 6, 7, 8, 11, 12, 14, 15, 21, 24, 27, 29, 30, 31, 32, 34, 37, 38, 39, 40, 41]","[0.102, 0.1129, 0.1282, 0.069, 0.0, 0.0385, 0.0659, 0.0556, 0.0833, 0.0, 0.0, 0.1034, 0.1, 0.0, 0.0714, 0.12, 0.037, 0.1667, 0.3333, 0.0, 0.1, 0.125, 0.4, 0.0833, 0.25, 0.0, 0.0, 1.0, 0.0, 0.0769, 0.1364, 0.0667, 0.2308, 0.0, 0.0748, 0.0, 0.0, 0.0556, 0.1429, 0.0204, 0.0526, 0.0645]"
39,39,champions,0.850913,0.850913,0.850913,1.0,7,True,839,0,130,17,0,"[1, 2, 5, 6, 7, 13, 14, 15, 18, 19, 28, 29, 30, 31, 32, 34, 37, 39, 41]","[0.8367, 0.7903, 0.8718, 0.8621, 0.6667, 0.8846, 0.8462, 0.8519, 0.9167, 0.8235, 1.0, 0.7586, 0.8, 0.9231, 0.7857, 0.84, 0.9259, 1.0, 0.8333, 0.8889, 1.0, 1.0, 1.0, 0.8333, 1.0, 0.875, 0.7778, 1.0, 0.9167, 0.9231, 0.9091, 0.9333, 0.7692, 1.0, 0.8598, 1.0, 1.0, 0.9444, 0.8214, 0.8571, 0.5263, 0.9032]"
39,39,cluster,0.128803,0.128803,0.128803,1.0,7,True,127,0,125,734,0,[14],"[0.0204, 0.0323, 0.0, 0.0, 0.0, 0.0385, 0.011, 0.0, 0.0417, 0.0588, 0.0, 0.069, 0.0, 0.8462, 0.9464, 0.68, 0.0741, 0.3333, 0.6667, 0.0, 0.0, 1.0, 0.4, 0.0833, 0.25, 0.0, 0.7778, 0.0, 0.0, 0.0769, 0.0909, 0.0, 0.0769, 0.0, 0.0093, 0.0, 0.0, 0.0, 0.0714, 0.0204, 0.0, 0.0323]"
40,40,random,0.079108,0.079108,0.079108,1.0,4,True,78,0,132,776,0,"[0, 1, 2, 4, 6, 8, 9, 11, 14, 15, 17, 19, 21, 22, 23, 29, 30, 32, 34, 37, 38, 39, 41]","[0.0816, 0.129, 0.1026, 0.0, 0.3333, 0.0385, 0.0659, 0.0, 0.0833, 0.1471, 0.0, 0.2414, 0.0, 0.0, 0.0536, 0.12, 0.0, 0.3333, 0.0, 0.1111, 0.2, 0.125, 0.2, 0.0833, 0.0, 0.125, 0.0, 0.0, 0.0, 0.0769, 0.1818, 0.0, 0.0769, 0.0, 0.0935, 0.0, 0.0, 0.0556, 0.1786, 0.0408, 0.0, 0.0323]"
40,40,champions,0.85497,0.85497,0.85497,1.0,8,True,843,0,135,8,0,"[1, 2, 5, 6, 7, 13, 14, 15, 18, 19, 28, 29, 30, 31, 32, 34, 37, 39, 41]","[0.8367, 0.9032, 0.7179, 0.7931, 1.0, 0.8846, 0.8352, 0.8148, 0.875, 0.8235, 0.0, 0.7586, 0.9, 0.8462, 0.8929, 0.92, 0.7778, 0.8333, 0.8333, 0.8889, 0.9, 1.0, 0.6, 0.8333, 1.0, 0.75, 0.8889, 1.0, 0.8333, 0.9231, 0.9091, 0.9333, 1.0, 1.0, 0.8972, 0.5, 1.0, 0.8889, 0.8214, 0.9184, 0.7368, 0.871]"
40,40,cluster,0.110548,0.110548,0.110548,1.0,8,True,109,0,131,746,0,"[8, 18, 28, 40]","[0.0, 0.0484, 0.0256, 0.0, 0.0, 0.0385, 0.011, 0.0185, 1.0, 0.1471, 0.0, 0.1034, 0.0, 0.0, 0.0536, 0.04, 0.037, 0.3333, 1.0, 0.1111, 0.5, 0.25, 0.4, 0.0, 0.0, 0.125, 0.0, 0.0, 1.0, 0.0769, 0.0909, 0.0667, 0.3846, 0.0, 0.0467, 0.0, 0.5, 0.1111, 0.0714, 0.0204, 0.7368, 0.0]"
41,41,random,0.848884,0.848884,0.848884,1.0,18,True,837,0,137,12,0,"[0, 1, 2, 3, 4, 6, 7, 8, 9, 13, 16, 17, 18, 21, 23, 28, 30, 31, 34, 37, 39, 41]","[0.8776, 0.8226, 0.8462, 0.8966, 1.0, 0.6538, 0.9011, 0.8889, 0.8333, 0.7941, 1.0, 0.8621, 0.8, 0.8462, 0.7321, 0.96, 0.8889, 1.0, 0.8333, 0.7778, 0.8, 0.875, 1.0, 0.9167, 1.0, 0.875, 0.7778, 1.0, 0.8333, 1.0, 0.9545, 0.8, 0.8462, 1.0, 0.8131, 0.75, 0.5, 0.9444, 0.6786, 0.8776, 1.0, 0.8387]"
41,41,champions,0.858012,0.858012,0.858012,1.0,8,True,846,0,134,6,0,"[1, 2, 5, 6, 7, 13, 14, 15, 18, 19, 28, 29, 30, 31, 32, 34, 37, 39, 41]","[0.8776, 0.8226, 0.8205, 0.8966, 1.0, 0.8077, 0.8901, 0.8889, 0.7917, 0.7941, 1.0, 0.8621, 0.8, 0.8462, 0.75, 0.96, 0.8889, 0.8333, 1.0, 0.7778, 0.8, 0.875, 1.0, 0.9167, 1.0, 0.875, 0.7778, 1.0, 0.9167, 1.0, 0.9091, 0.8, 0.9231, 1.0, 0.8411, 0.75, 0.5, 0.9444, 0.75, 0.898, 1.0, 0.8387]"
41,41,cluster,0.84787,0.84787,0.84787,1.0,27,True,836,0,138,12,0,"[31, 32, 33, 41]","[0.8776, 0.8065, 0.8205, 0.8966, 1.0, 0.6538, 0.8901, 0.8889, 0.7917, 0.7941, 1.0, 0.8621, 0.8, 0.8462, 0.7321, 0.96, 0.8889, 0.8333, 0.8333, 0.7778, 0.8, 0.875, 1.0, 0.9167, 1.0, 0.875, 0.7778, 1.0, 0.8333, 1.0, 0.9091, 1.0, 1.0, 1.0, 0.7944, 0.75, 0.5, 0.9444, 0.6786, 0.8776, 1.0, 0.9032]"
42,42,random,0.821501,0.821501,0.821501,1.0,26,True,810,0,165,11,0,"[1, 2, 3, 4, 5, 6, 7, 8, 9, 11, 15, 16, 19, 20, 23, 26, 28, 29, 32, 34, 38, 39, 41]","[0.7347, 0.8548, 0.6667, 0.8276, 1.0, 0.9231, 0.8352, 0.8889, 0.75, 0.7941, 1.0, 0.7241, 0.9, 0.8462, 0.8214, 0.92, 0.8148, 0.6667, 0.6667, 1.0, 0.7, 1.0, 0.8, 0.75, 0.75, 0.875, 0.8889, 1.0, 0.75, 1.0, 0.8636, 0.8, 0.8462, 1.0, 0.7944, 0.75, 1.0, 0.8333, 0.7857, 0.898, 0.8421, 0.7742]"
42,42,champions,0.829615,0.829615,0.829615,1.0,8,True,818,0,160,8,0,"[1, 2, 5, 6, 7, 13, 14, 15, 18, 19, 28, 29, 30, 31, 32, 34, 37, 39, 41]","[0.7347, 0.8387, 0.641, 0.7931, 1.0, 0.9231, 0.8352, 0.9074, 0.75, 0.7941, 1.0, 0.7241, 0.9, 0.9231, 0.8214, 0.92, 0.8148, 0.8333, 0.6667, 1.0, 0.7, 1.0, 0.8, 0.75, 0.75, 0.875, 0.8889, 1.0, 0.8333, 1.0, 0.9545, 0.8, 0.8462, 1.0, 0.8224, 0.75, 1.0, 0.8889, 0.75, 0.898, 0.8421, 0.8387]"
42,42,cluster,0.097363,0.097363,0.097363,1.0,7,True,96,0,163,727,0,[1],"[0.0204, 0.9516, 0.0769, 0.0, 0.0, 0.0385, 0.0, 0.0, 0.0, 0.0294, 0.0, 0.069, 0.0, 0.0, 0.0357, 0.0, 0.1481, 0.1667, 0.0, 0.0, 0.1, 0.125, 0.0, 0.0833, 0.0, 0.25, 0.1111, 0.0, 0.0, 0.0769, 0.0455, 0.0, 0.0, 1.0, 0.0187, 0.0, 0.5, 0.0, 0.0357, 0.0816, 0.1579, 0.0]"
43,43,random,0.109533,0.109533,0.109533,1.0,7,True,108,0,144,734,0,"[0, 1, 3, 6, 7, 9, 11, 13, 14, 15, 16, 19, 20, 23, 30, 33, 34, 37, 38, 39, 40]","[0.3673, 0.2258, 0.0, 0.1379, 0.0, 0.0, 0.022, 0.1111, 0.0417, 0.0882, 0.0, 0.069, 0.0, 0.6154, 0.1429, 0.08, 0.2222, 0.1667, 0.0, 0.6667, 0.1, 0.0, 0.0, 0.0833, 0.0, 0.125, 0.0, 0.0, 0.0, 0.0769, 0.0455, 0.0, 0.0, 0.3333, 0.1121, 0.0, 0.0, 0.0556, 0.1429, 0.0204, 0.0526, 0.0645]"
43,43,champions,0.841785,0.841785,0.841785,1.0,9,True,830,0,145,11,0,"[1, 2, 5, 6, 7, 13, 14, 15, 18, 19, 28, 29, 30, 31, 32, 34, 37, 39, 41]","[0.898, 0.8548, 0.9231, 0.8621, 1.0, 0.9231, 0.7033, 0.7407, 0.875, 0.8529, 1.0, 0.8621, 0.8, 0.7692, 0.8214, 0.8, 0.8889, 0.8333, 0.8333, 1.0, 0.7, 0.875, 1.0, 0.9167, 0.75, 0.75, 0.8889, 1.0, 1.0, 0.9231, 0.9545, 0.6667, 0.8462, 1.0, 0.8318, 0.75, 0.5, 1.0, 0.9286, 0.8571, 0.7895, 0.871]"
43,43,cluster,0.099391,0.099391,0.099391,1.0,8,True,98,0,148,740,0,"[3, 22, 37]","[0.0408, 0.1613, 0.1538, 1.0, 0.0, 0.0769, 0.0, 0.0, 0.0417, 0.0, 0.0, 0.0, 0.0, 0.0769, 0.0714, 0.12, 0.037, 0.0, 0.0, 0.2222, 0.0, 0.0, 1.0, 0.0, 0.0, 0.0, 0.0, 0.0, 0.0, 0.0, 0.0, 0.0, 0.0, 0.0, 0.1121, 0.0, 0.0, 1.0, 0.0357, 0.0, 0.0, 0.0323]"
44,44,random,0.092292,0.092292,0.092292,1.0,4,True,91,0,135,760,0,"[0, 1, 3, 5, 6, 7, 8, 9, 11, 14, 15, 16, 19, 20, 21, 23, 26, 30, 31, 34, 37, 38, 40, 41]","[0.1224, 0.1129, 0.1026, 0.0345, 0.0, 0.1538, 0.0659, 0.1667, 0.0833, 0.0882, 1.0, 0.0345, 0.0, 0.3077, 0.0536, 0.16, 0.1481, 0.0, 0.0, 0.4444, 0.2, 0.25, 0.2, 0.0833, 0.0, 0.125, 0.1111, 0.0, 0.0833, 0.0769, 0.0909, 0.2, 0.0, 0.0, 0.0374, 0.0, 0.0, 0.1667, 0.1071, 0.0, 0.0526, 0.0645]"
44,44,champions,0.853955,0.853955,0.853955,1.0,8,True,842,0,132,12,0,"[1, 2, 5, 6, 7, 13, 14, 15, 18, 19, 28, 29, 30, 31, 32, 34, 37, 39, 41]","[0.8367, 0.7742, 0.8974, 0.7586, 1.0, 0.9615, 0.7912, 0.8704, 0.875, 0.8529, 1.0, 0.8621, 0.7, 0.8462, 0.8929, 0.92, 0.9259, 1.0, 1.0, 1.0, 0.9, 0.875, 0.8, 0.9167, 1.0, 1.0, 0.6667, 1.0, 1.0, 0.8462, 0.8636, 0.6667, 0.9231, 1.0, 0.8318, 0.75, 1.0, 0.9444, 0.8929, 0.898, 0.6316, 0.871]"
44,44,cluster,0.852941,0.852941,0.852941,1.0,19,True,841,0,131,14,0,"[3, 15]","[0.8367, 0.7742, 0.8974, 0.9655, 1.0, 0.9615, 0.7912, 0.8519, 0.875, 0.8529, 1.0, 0.8621, 0.7, 0.8462, 0.8929, 1.0, 0.9259, 0.8333, 1.0, 1.0, 0.9, 0.875, 0.8, 0.9167, 1.0, 0.875, 0.6667, 1.0, 0.9167, 0.8462, 0.7273, 0.6667, 0.9231, 1.0, 0.8224, 0.75, 1.0, 0.9444, 0.8929, 0.898, 0.6316, 0.8387]"
45,45,random,0.110548,0.110548,0.110548,1.0,5,True,109,0,145,732,0,"[0, 2, 3, 5, 6, 7, 8, 9, 12, 13, 14, 15, 16, 18, 20, 23, 28, 30, 31, 34, 39, 41]","[0.0204, 0.0, 0.1026, 0.2069, 0.0, 0.0769, 0.2088, 0.0556, 0.0833, 0.0882, 0.0, 0.0, 0.7, 0.0769, 0.1429, 0.24, 0.2593, 0.0, 0.1667, 0.0, 0.2, 0.0, 0.0, 0.1667, 0.75, 0.0, 0.0, 0.0, 0.25, 0.0769, 0.0909, 0.0667, 0.0769, 0.0, 0.1402, 0.0, 0.0, 0.0556, 0.0357, 0.0816, 0.0, 0.0968]"
45,45,champions,0.842799,0.842799,0.842799,1.0,8,True,831,0,141,14,0,"[1, 2, 5, 6, 7, 13, 14, 15, 18, 19, 28, 29, 30, 31, 32, 34, 37, 39, 41]","[0.8163, 0.7581, 0.6923, 1.0, 1.0, 0.8846, 0.9011, 0.8148, 0.8333, 0.7941, 1.0, 0.8276, 0.8, 1.0, 0.875, 0.88, 0.8889, 0.6667, 1.0, 0.7778, 0.6, 0.875, 0.8, 0.9167, 1.0, 0.75, 0.6667, 1.0, 1.0, 0.9231, 0.9545, 0.8667, 0.7692, 0.6667, 0.8411, 1.0, 1.0, 0.8889, 0.8929, 0.7143, 0.8947, 0.871]"
45,45,cluster,0.084178,0.084178,0.084178,1.0,6,True,83,0,136,767,0,[39],"[0.0816, 0.0484, 0.0513, 0.0, 0.0, 0.0, 0.0549, 0.037, 0.0, 0.0, 0.0, 0.0, 0.0, 0.0, 0.0179, 0.0, 0.1111, 0.0, 0.0, 0.0, 0.0, 0.0, 0.0, 0.0, 0.0, 0.0, 0.0, 0.0, 0.1667, 0.0769, 0.0, 0.0, 0.0769, 0.0, 0.0467, 0.0, 0.0, 0.0556, 0.1429, 1.0, 0.0, 0.0]"
46,46,random,0.850913,0.850913,0.850913,1.0,27,True,839,0,136,11,0,"[0, 1, 6, 7, 8, 11, 12, 14, 15, 16, 22, 26, 31, 34, 39, 41]","[0.8776, 0.8548, 0.8462, 0.8966, 1.0, 0.8846, 0.8681, 0.9074, 0.875, 0.8529, 1.0, 0.8966, 0.9, 0.9231, 0.8214, 0.72, 0.9259, 0.8333, 0.6667, 0.8889, 1.0, 1.0, 0.8, 0.75, 0.25, 0.875, 0.8889, 1.0, 0.8333, 0.7692, 0.8636, 0.8667, 0.7692, 1.0, 0.8505, 0.75, 1.0, 0.6667, 0.7143, 0.8571, 0.8421, 0.871]"
46,46,champions,0.851927,0.851927,0.851927,1.0,7,True,840,0,139,7,0,"[1, 2, 5, 6, 7, 13, 14, 15, 18, 19, 28, 29, 30, 31, 32, 34, 37, 39, 41]","[0.8571, 0.8548, 0.8462, 0.8966, 1.0, 0.8846, 0.8681, 0.8889, 0.8333, 0.8529, 1.0, 0.8966, 0.9, 1.0, 0.8393, 0.72, 0.9259, 0.8333, 0.8333, 0.8889, 1.0, 1.0, 0.8, 0.75, 0.25, 0.875, 0.8889, 1.0, 0.8333, 0.7692, 0.9091, 0.8667, 0.7692, 1.0, 0.8224, 0.75, 1.0, 0.6667, 0.75, 0.8776, 0.8421, 0.9032]"
46,46,cluster,0.184584,0.184584,0.184584,1.0,12,True,182,0,139,665,0,"[1, 5, 17, 21]","[0.0816, 0.4677, 0.8205, 0.8966, 1.0, 1.0, 0.033, 0.0556, 0.0, 0.1471, 1.0, 0.0, 0.0, 0.3846, 0.0179, 0.2, 0.0, 1.0, 0.0, 0.2222, 0.1, 1.0, 0.0, 0.0833, 0.0, 0.25, 0.0, 1.0, 0.1667, 0.2308, 0.0, 0.0, 0.0769, 0.0, 0.0841, 0.0, 0.0, 0.0, 0.0714, 0.0, 0.0, 0.0323]"
47,47,random,0.869168,0.869168,0.869168,1.0,21,True,857,0,121,8,0,"[0, 2, 3, 5, 6, 7, 8, 14, 15, 16, 18, 20, 27, 30, 32, 33, 34, 36, 38, 39, 40, 41]","[0.8571, 0.8226, 0.9231, 0.7586, 0.6667, 0.8462, 0.8681, 0.8704, 0.875, 0.8824, 1.0, 0.9655, 1.0, 0.9231, 0.8036, 0.8, 0.8889, 0.8333, 1.0, 0.8889, 0.7, 0.875, 0.8, 0.9167, 1.0, 1.0, 0.7778, 1.0, 0.9167, 0.9231, 0.8636, 0.9333, 0.8462, 1.0, 0.8972, 1.0, 1.0, 0.8889, 0.8929, 0.8776, 0.8421, 0.8065]"
47,47,champions,0.869168,0.869168,0.869168,1.0,6,True,857,0,121,8,0,"[1, 2, 5, 6, 7, 13, 14, 15, 18, 19, 28, 29, 30, 31, 32, 34, 37, 39, 41]","[0.8571, 0.8226, 0.9231, 0.7586, 0.6667, 0.8462, 0.8681, 0.9074, 0.875, 0.8824, 1.0, 0.9655, 1.0, 0.9231, 0.7857, 0.76, 0.8889, 0.8333, 1.0, 0.8889, 0.7, 0.875, 0.8, 0.9167, 1.0, 1.0, 0.7778, 1.0, 0.9167, 0.9231, 1.0, 0.9333, 0.8462, 1.0, 0.8972, 1.0, 0.5, 0.8889, 0.8571, 0.8571, 0.8421, 0.8065]"
47,47,cluster,0.074037,0.074037,0.074037,1.0,9,True,73,0,120,793,0,"[16, 38]","[0.0408, 0.0968, 0.0256, 0.1034, 0.0, 0.1154, 0.0, 0.0185, 0.0, 0.0, 0.0, 0.0, 0.0, 0.0, 0.0357, 0.08, 1.0, 0.0, 0.0, 0.0, 0.0, 0.0, 0.0, 0.0, 0.0, 0.0, 0.0, 0.0, 0.0, 0.0, 0.0909, 0.0, 0.0, 0.0, 0.0, 0.0, 0.0, 0.0, 0.7857, 0.0204, 0.0, 0.0323]"
48,48,random,0.862069,0.862069,0.862069,1.0,14,True,850,0,124,12,0,"[0, 1, 2, 3, 5, 6, 9, 11, 12, 14, 15, 16, 22, 25, 30, 33, 34, 39, 40, 41]","[0.9388, 0.7903, 0.9744, 0.8276, 1.0, 0.8077, 0.8242, 0.9259, 0.875, 0.7941, 0.0, 0.8276, 0.8, 0.9231, 0.8214, 0.72, 0.8889, 0.8333, 0.8333, 1.0, 0.9, 0.75, 1.0, 0.75, 1.0, 0.875, 0.7778, 1.0, 0.8333, 0.9231, 0.9545, 0.6, 0.7692, 1.0, 0.8785, 0.75, 1.0, 0.8889, 0.9286, 0.9388, 0.7895, 0.9677]"
48,48,champions,0.863083,0.863083,0.863083,1.0,7,True,851,0,124,11,0,"[1, 2, 5, 6, 7, 13, 14, 15, 18, 19, 28, 29, 30, 31, 32, 34, 37, 39, 41]","[0.9388, 0.7903, 0.9744, 0.8276, 1.0, 0.8077, 0.8352, 0.9259, 0.875, 0.7647, 0.0, 0.8276, 0.8, 0.9231, 0.8214, 0.72, 0.8889, 0.8333, 0.8333, 1.0, 0.9, 0.75, 1.0, 0.75, 1.0, 0.875, 0.7778, 1.0, 0.8333, 0.9231, 0.9545, 0.6, 0.9231, 1.0, 0.8692, 0.75, 1.0, 0.8889, 0.9286, 0.9388, 0.7895, 0.9677]"
48,48,cluster,0.869168,0.869168,0.869168,1.0,21,True,857,0,118,11,0,"[1, 15, 24, 37]","[0.9388, 0.7903, 0.9744, 0.8276, 1.0, 0.8077, 0.8242, 0.9259, 0.875, 0.7647, 0.0, 0.8276, 0.8, 0.9231, 0.8214, 1.0, 0.8889, 0.8333, 0.8333, 1.0, 0.9, 0.75, 1.0, 0.75, 1.0, 0.875, 0.7778, 1.0, 0.8333, 0.9231, 0.9545, 0.6, 0.7692, 1.0, 0.8692, 0.75, 1.0, 1.0, 0.9286, 0.9388, 0.7895, 0.9677]"
49,49,random,0.836714,0.836714,0.836714,1.0,18,True,825,0,145,16,0,"[0, 1, 2, 6, 7, 9, 11, 12, 14, 16, 20, 21, 23, 30, 31, 32, 34, 37, 39, 40, 41]","[0.7959, 0.9032, 0.9231, 0.7586, 0.6667, 0.9615, 0.8352, 0.8704, 0.9167, 0.8235, 1.0, 0.8966, 0.8, 0.6154, 0.8571, 0.88, 0.8519, 1.0, 0.6667, 0.5556, 0.5, 0.875, 1.0, 0.8333, 0.25, 0.875, 0.8889, 0.0, 0.6667, 0.9231, 1.0, 0.8667, 1.0, 1.0, 0.7944, 0.75, 1.0, 0.8333, 0.6786, 0.8367, 0.8421, 0.8387]"
49,49,champions,0.832657,0.832657,0.832657,1.0,8,True,821,0,153,12,0,"[1, 2, 5, 6, 7, 13, 14, 15, 18, 19, 28, 29, 30, 31, 32, 34, 37, 39, 41]","[0.7959, 0.8871, 0.9231, 0.7586, 0.6667, 0.9615, 0.8242, 0.8519, 0.9167, 0.8235, 1.0, 0.8966, 0.8, 0.6154, 0.8393, 0.88, 0.8519, 1.0, 0.8333, 0.5556, 0.5, 0.75, 1.0, 0.75, 0.25, 0.875, 0.8889, 0.0, 0.6667, 0.9231, 0.9545, 0.8667, 1.0, 1.0, 0.8131, 0.75, 1.0, 0.7778, 0.75, 0.8571, 0.8421, 0.7742]"
49,49,cluster,0.078093,0.078093,0.078093,1.0,3,True,77,0,146,763,0,"[9, 13, 40]","[0.0, 0.0161, 0.0, 0.0, 0.0, 0.0385, 0.011, 0.037, 0.0417, 1.0, 0.0, 0.0345, 0.0, 1.0, 0.0357, 0.04, 0.0741, 0.0, 0.0, 0.0, 0.0, 0.0, 0.0, 0.0, 0.0, 0.0, 0.0, 0.0, 0.0, 0.0769, 0.0, 0.0, 0.0769, 0.0, 0.0561, 0.0, 0.0, 0.0556, 0.0714, 0.0, 0.3158, 0.0323]"
